datetime,sigai_output,rolling_mean,std,0.7std,1.5std,3std,upper_0.7std,lower_0.7std,upper_1.5std,lower_1.5std,upper_3std,lower_3std,SB,MB,WB,A,WS,MS,SS
2023-04-18 00:00:00,0.00079934,0.00079934,,,,,,,,,,,0,0,0,1,0,0,0
2023-04-18 01:00:00,0.0030485,0.00192392,0.0015903962879735352,0.0011132774015814746,0.002385594431960303,0.004771188863920606,0.003037197401581475,0.0008106425984185253,0.004309514431960303,-0.00046167443196030306,0.006695108863920606,-0.002847268863920606,0,0,0,0,0,1,0
2023-04-18 02:00:00,0.00326992,0.0023725866666666666,0.0013669621464156693,0.0009568735024909684,0.002050443219623504,0.004100886439247008,0.003329460169157635,0.001415713164175698,0.004423029886290171,0.00032214344704316247,0.006473473105913675,-0.0017282997725803417,0,0,0,0,1,0,0
2023-04-18 03:00:00,0.00298594,0.002525925,0.0011574861774696636,0.0008102403242287645,0.0017362292662044955,0.003472458532408991,0.003336165324228765,0.0017156846757712355,0.004262154266204496,0.0007896957337955046,0.005998383532408991,-0.0009465335324089909,0,0,0,0,1,0,0
2023-04-18 04:00:00,8.17e-05,0.0020370799999999997,0.0014831310995323374,0.0010381917696726361,0.002224696649298506,0.004449393298597012,0.0030752717696726356,0.0009988882303273636,0.004261776649298506,-0.00018761664929850628,0.006486473298597011,-0.0024123132985970123,0,1,0,0,0,0,0
2023-04-18 05:00:00,-7.015e-05,0.0016858749999999999,0.0015810793777891103,0.001106755564452377,0.0023716190666836657,0.004743238133367331,0.002792630564452377,0.0005791194355476228,0.0040574940666836656,-0.0006857440666836658,0.006429113133367331,-0.0030573631333673315,0,1,0,0,0,0,0
2023-04-18 06:00:00,-0.00043379,0.0013830657142857143,0.001650766764363934,0.0011555367350547538,0.002476150146545901,0.004952300293091802,0.002538602449340468,0.00022752897923096049,0.0038592158608316152,-0.0010930844322601869,0.006335366007377516,-0.0035692345788060882,0,1,0,0,0,0,0
2023-04-18 07:00:00,-0.00081926,0.001107775,0.0017152319374525251,0.0012006623562167676,0.002572847906178788,0.005145695812357576,0.002308437356216768,-9.28873562167675e-05,0.003680622906178788,-0.0014650729061787878,0.006253470812357576,-0.004037920812357576,0,1,0,0,0,0,0
2023-04-18 08:00:00,0.00310901,0.0013301344444444443,0.001737602235021807,0.0012163215645152649,0.0026064033525327102,0.0052128067050654205,0.002546456008959709,0.00011381287992917946,0.003936537796977155,-0.001276268908088266,0.006542941149509865,-0.0038826722606209764,0,0,0,0,0,1,0
2023-04-18 09:00:00,0.00279371,0.001476492,0.0017023493662635114,0.001191644556384458,0.002553524049395267,0.005107048098790534,0.0026681365563844582,0.00028484744361554205,0.004030016049395267,-0.001077032049395267,0.0065835400987905345,-0.003630556098790534,0,0,0,0,0,1,0
2023-04-18 10:00:00,0.0026277,0.0015811472727272728,0.001651869854299006,0.001156308898009304,0.002477804781448509,0.004955609562897018,0.002737456170736577,0.00042483837471796876,0.004058952054175781,-0.0008966575087212361,0.006536756835624291,-0.003374462290169745,0,0,0,0,1,0,0
2023-04-18 11:00:00,0.00343033,0.0017352458333333334,0.001663000041482853,0.001164100029037997,0.0024945000622242793,0.004989000124448559,0.0028993458623713304,0.0005711458042953364,0.0042297458955576125,-0.0007592542288909459,0.006724245957781892,-0.003253754291115225,0,0,0,0,0,1,0
2023-04-18 12:00:00,0.00538623,0.0020160907692307693,0.0018869195683417527,0.0013208436978392269,0.002830379352512629,0.005660758705025258,0.003336934467069996,0.0006952470713915424,0.004846470121743399,-0.0008142885832818597,0.007676849474256027,-0.0036446679357944886,0,0,0,0,0,0,1
2023-04-18 13:00:00,0.0056004,0.0022721128571428573,0.002050425768496457,0.0014352980379475197,0.003075638652744685,0.00615127730548937,0.003707410895090377,0.0008368148191953376,0.005347751509887542,-0.0008035257956018277,0.008423390162632226,-0.0038791644483465127,0,0,0,0,0,0,1
2023-04-18 14:00:00,0.00581907,0.0025085766666666665,0.0021777671033904257,0.0015244369723732979,0.003266650655085639,0.006533301310171278,0.004033013639039964,0.0009841396942933687,0.005775227321752305,-0.0007580739884189723,0.009041877976837944,-0.004024724643504611,0,0,0,0,0,0,1
2023-04-18 15:00:00,0.00585847,0.0027179450000000003,0.0022644763567353345,0.001585133449714734,0.0033967145351030017,0.0067934290702060035,0.004303078449714734,0.0011328115502852662,0.0061146595351030016,-0.0006787695351030015,0.009511374070206004,-0.004075484070206003,0,0,0,0,0,1,0
2023-04-18 16:00:00,0.00680801,0.0029585370588235296,0.0024065326729855673,0.0016845728710898971,0.0036097990094783507,0.0072195980189567015,0.004643109929913427,0.0012739641877336325,0.006568336068301881,-0.0006512619506548211,0.010178135077780232,-0.004261060960133171,0,0,0,0,0,0,1
2023-04-18 17:00:00,0.00685856,0.003175205,0.00250913110222795,0.0017563917715595649,0.0037636966533419252,0.0075273933066838505,0.004931596771559564,0.001418813228440435,0.006938901653341925,-0.0005884916533419253,0.01070259830668385,-0.00435218830668385,0,0,0,0,0,1,0
2023-04-18 18:00:00,0.00724451,0.0033893789473684213,0.002611037098836175,0.0018277259691853224,0.003916555648254262,0.007833111296508525,0.005217104916553744,0.001561652978183099,0.007305934595622683,-0.000527176700885841,0.011222490243876946,-0.004443732349140103,0,0,0,0,0,1,0
2023-04-18 19:00:00,0.00743413,0.0035916165,0.0026975356754955653,0.0018882749728468956,0.004046303513243348,0.008092607026486696,0.005479891472846896,0.0017033415271531043,0.0076379200132433486,-0.0004546870132433483,0.011684223526486697,-0.004500990526486696,0,0,0,0,0,1,0
2023-04-18 20:00:00,0.0087089,0.003835296666666667,0.0028565441149583765,0.0019995808804708633,0.0042848161724375645,0.008569632344875129,0.00583487754713753,0.0018357157861958037,0.008120112839104231,-0.0004495195057708976,0.012404929011541796,-0.004734335678208463,0,0,0,0,0,0,1
2023-04-18 21:00:00,0.00885133,0.004063298181818182,0.0029857902584386285,0.00209005318090704,0.004478685387657943,0.008957370775315885,0.006153351362725222,0.001973245000911142,0.008541983569476125,-0.00041538720583976074,0.013020668957134067,-0.004894072593497703,0,0,0,0,0,0,1
2023-04-18 22:00:00,0.00890239,0.0042736934782608696,0.0030867200912819606,0.002160704063897372,0.004630080136922941,0.009260160273845882,0.006434397542158242,0.0021129894143634975,0.00890377361518381,-0.00035638665866207127,0.01353385375210675,-0.004986466795585012,0,0,0,0,0,1,0
2023-04-18 23:00:00,0.00890179,0.004466530833333334,0.0031632351890222834,0.0022142646323155984,0.004744852783533425,0.00948970556706685,0.006680795465648932,0.002252266201017735,0.00921138361686676,-0.00027832195020009113,0.013956236400400182,-0.005023174733733516,0,0,0,0,0,1,0
2023-04-19 00:00:00,0.00813502,0.004772184166666666,0.003147854044170294,0.002203497830919206,0.004721781066255441,0.009443562132510882,0.0069756819975858725,0.0025686863357474604,0.009493965232922107,5.040310041122542e-05,0.014215746299177549,-0.004671377965844215,0,0,0,0,0,1,0
2023-04-19 01:00:00,0.00809185,0.00498232375,0.003195757674256964,0.0022370303719798745,0.004793636511385447,0.009587273022770893,0.007219354121979875,0.0027452933780201254,0.009775960261385446,0.00018868723861455335,0.014569596772770893,-0.004604949272770893,0,0,0,0,0,1,0
2023-04-19 02:00:00,0.00801516,0.0051800420833333334,0.0032317951113583635,0.002262256577950854,0.004847692667037546,0.009695385334075091,0.007442298661284187,0.0029177855053824794,0.01002773475037088,0.0003323494162957878,0.014875427417408424,-0.004515343250741758,0,0,0,0,0,1,0
2023-04-19 03:00:00,0.0080878,0.005392619583333333,0.0032489458040570354,0.0022742620628399247,0.004873418706085553,0.009746837412171106,0.007666881646173258,0.0031183575204934088,0.010266038289418886,0.0005192008772477805,0.015139456995504438,-0.004354217828837772,0,0,0,0,0,1,0
2023-04-19 04:00:00,0.00798349,0.0057218608333333325,0.0030835120486477417,0.002158458434053419,0.004625268072971612,0.009250536145943225,0.007880319267386752,0.0035634023992799136,0.010347128906304945,0.0010965927603617202,0.014972396979276558,-0.003528675312609892,0,0,0,0,0,1,0
2023-04-19 05:00:00,0.00777445,0.006048719166666667,0.002849765289020066,0.001994835702314046,0.004274647933530099,0.008549295867060198,0.008043554868980712,0.004053883464352621,0.010323367100196766,0.0017740712331365677,0.014598015033726864,-0.0025005767003935314,0,0,0,0,1,0,0
2023-04-19 06:00:00,0.0076941,0.00638738125,0.002508407389142972,0.0017558851724000803,0.003762611083714458,0.007525222167428916,0.00814326642240008,0.00463149607759992,0.010149992333714459,0.002624770166285542,0.013912603417428917,-0.001137840917428916,0,0,0,0,1,0,0
2023-04-19 07:00:00,0.00763692,0.006739722083333333,0.0019930824604049197,0.0013951577222834437,0.0029896236906073797,0.0059792473812147594,0.008134879805616778,0.005344564361049889,0.009729345773940714,0.0037500983927259536,0.012718969464548093,0.0007604747021185739,0,0,0,0,1,0,0
2023-04-19 08:00:00,0.0037707,0.0067672925,0.0019446634423428589,0.0013612644096400012,0.0029169951635142884,0.005833990327028577,0.00812855690964,0.005406028090359999,0.009684287663514288,0.0038502973364857116,0.012601282827028576,0.0009333021729714232,1,0,0,0,0,0,0
2023-04-19 09:00:00,0.00497383,0.006858130833333333,0.0017962349170827006,0.0012573644419578904,0.002694352375624051,0.005388704751248102,0.008115495275291224,0.0056007663913754425,0.009552483208957385,0.004163778457709282,0.012246835584581436,0.0014694260820852312,0,1,0,0,0,0,0
2023-04-19 10:00:00,0.00554626,0.0069797374999999995,0.0015835859262480403,0.001108510148373628,0.0023753788893720604,0.004750757778744121,0.008088247648373627,0.005871227351626372,0.009355116389372059,0.004604358610627939,0.01173049527874412,0.0022289797212558787,0,1,0,0,0,0,0
2023-04-19 11:00:00,0.00527663,0.007056666666666666,0.0014421959118669668,0.0010095371383068766,0.00216329386780045,0.0043265877356009,0.008066203804973542,0.006047129528359789,0.009219960534467116,0.004893372798866216,0.011383254402267565,0.0027300789310657657,0,1,0,0,0,0,0
2023-04-19 12:00:00,0.00228045,0.006927259166666667,0.0017125920333629957,0.0011988144233540969,0.002568888050044494,0.005137776100088988,0.008126073590020764,0.00572844474331257,0.009496147216711161,0.0043583711166221735,0.012065035266755654,0.0017894830665776797,1,0,0,0,0,0,0
2023-04-19 13:00:00,0.00273588,0.006807904166666667,0.0018987816821524088,0.0013291471775066861,0.002848172523228613,0.005696345046457226,0.008137051344173352,0.005478756989159981,0.00965607668989528,0.003959731643438054,0.012504249213123892,0.0011115591202094403,1,0,0,0,0,0,0
2023-04-19 14:00:00,0.00287965,0.0066854283333333325,0.0020538080541291563,0.0014376656378904094,0.0030807120811937342,0.0061614241623874685,0.008123093971223742,0.005247762695442923,0.009766140414527067,0.0036047162521395983,0.0128468524957208,0.000524004170945864,1,0,0,0,0,0,0
2023-04-19 15:00:00,0.00272697,0.0065549491666666675,0.0022027045610476543,0.0015418931927333578,0.0033040568415714814,0.006608113683142963,0.008096842359400025,0.00501305597393331,0.00985900600823815,0.003250892325095186,0.01316306284980963,-5.31645164762954e-05,1,0,0,0,0,0,0
2023-04-19 16:00:00,-0.00192903,0.006190905833333333,0.002800054901363801,0.0019600384309546607,0.0042000823520457016,0.008400164704091403,0.008150944264287995,0.004230867402378672,0.010390988185379035,0.0019908234812876313,0.014591070537424736,-0.0022092588707580702,1,0,0,0,0,0,0
2023-04-19 17:00:00,-0.00187331,0.005827077916666666,0.0032419531701053817,0.002269367219073767,0.004862929755158073,0.009725859510316145,0.008096445135740434,0.003557710697592899,0.01069000767182474,0.0009641481615085936,0.015552937426982811,-0.003898781593649479,1,0,0,0,0,0,0
2023-04-19 18:00:00,-0.00192044,0.005445205000000001,0.003588938696129248,0.0025122570872904734,0.005383408044193872,0.010766816088387744,0.007957462087290474,0.0029329479127095273,0.010828613044193872,6.179695580612894e-05,0.016212021088387745,-0.005321611088387743,1,0,0,0,0,0,0
2023-04-19 19:00:00,-0.00220155,0.005043718333333333,0.0038836306663791514,0.002718541466465406,0.005825445999568727,0.011650891999137453,0.007762259799798739,0.0023251768668679272,0.01086916433290206,-0.0007817276662353935,0.016694610332470786,-0.00660717366580412,1,0,0,0,0,0,0
2023-04-19 20:00:00,-0.0021741,0.00459026,0.004068050822205085,0.0028476355755435597,0.006102076233307628,0.012204152466615256,0.007437895575543559,0.00174262442445644,0.010692336233307627,-0.0015118162333076285,0.016794412466615255,-0.0076138924666152566,1,0,0,0,0,0,0
2023-04-19 21:00:00,-0.00207775,0.004134881666666667,0.004180475508094707,0.002926332855666295,0.0062707132621420605,0.012541426524284121,0.007061214522332962,0.0012085488110003722,0.010405594928808728,-0.0021358315954753933,0.016676308190950787,-0.008406544857617455,0,1,0,0,0,0,0
2023-04-19 22:00:00,-0.0012909,0.00371016125,0.004192837103747203,0.002934985972623042,0.006289255655620805,0.01257851131124161,0.006645147222623042,0.0007751752773769577,0.009999416905620805,-0.002579094405620805,0.01628867256124161,-0.00886835006124161,0,1,0,0,0,0,0
2023-04-19 23:00:00,-0.0008276,0.00330477,0.004139057690581905,0.002897340383407333,0.006208586535872857,0.012417173071745714,0.006202110383407333,0.00040742961659266663,0.009513356535872857,-0.002903816535872857,0.015721943071745712,-0.009112403071745713,0,1,0,0,0,0,0
2023-04-20 00:00:00,-0.00039534,0.0029493383333333337,0.004071955549293629,0.0028503688845055403,0.006107933323940443,0.012215866647880887,0.005799707217838874,9.896944882779347e-05,0.009057271657273777,-0.0031585949906071096,0.01516520498121422,-0.009266528314547553,0,1,0,0,0,0,0
2023-04-20 01:00:00,-0.00037435,0.00259658,0.003972590115476627,0.002780813080833639,0.005958885173214941,0.011917770346429882,0.005377393080833639,-0.00018423308083363905,0.00855546517321494,-0.0033623051732149414,0.014514350346429882,-0.009321190346429883,0,1,0,0,0,0,0
2023-04-20 02:00:00,-0.00038286,0.0022466625,0.003842277973117837,0.002689594581182486,0.005763416959676755,0.01152683391935351,0.0049362570811824855,-0.0004429320811824857,0.008010079459676755,-0.003516754459676755,0.01377349641935351,-0.00928017141935351,0,0,1,0,0,0,0
2023-04-20 03:00:00,-0.00042888,0.0018918008333333335,0.003668720293640983,0.0025681042055486878,0.005503080440461474,0.011006160880922948,0.004459905038882021,-0.0006763033722153543,0.007394881273794808,-0.0036112796071281405,0.012897961714256282,-0.009114360047589615,0,0,1,0,0,0,0
2023-04-20 04:00:00,-0.00262765,0.00144967,0.003539798228093995,0.0024778587596657963,0.005309697342140992,0.010619394684281984,0.003927528759665796,-0.0010281887596657964,0.006759367342140992,-0.003860027342140992,0.012069064684281984,-0.009169724684281984,0,1,0,0,0,0,0
2023-04-20 05:00:00,-0.00312603,0.0009954833333333333,0.0033890955582287423,0.0023723668907601196,0.005083643337343113,0.010167286674686226,0.003367850224093453,-0.0013768835574267863,0.0060791266706764465,-0.00408816000400978,0.01116277000801956,-0.009171803341352893,0,1,0,0,0,0,0
2023-04-20 06:00:00,-0.00342419,0.00053222125,0.0031875344506405107,0.002231274115448357,0.0047813016759607665,0.009562603351921533,0.0027634953654483573,-0.001699052865448357,0.005313522925960767,-0.004249080425960766,0.010094824601921532,-0.009030382101921534,0,1,0,0,0,0,0
2023-04-20 07:00:00,-0.00367035,6.108499999999999e-05,0.002915820721959546,0.002041074505371682,0.004373731082939319,0.008747462165878638,0.0021021595053716817,-0.001979989505371682,0.004434816082939319,-0.004312646082939319,0.008808547165878639,-0.008686377165878638,0,1,0,0,0,0,0
2023-04-20 08:00:00,-0.00105992,-0.00014019083333333335,0.002813549226864633,0.001969484458805243,0.004220323840296949,0.008440647680593898,0.0018292936254719096,-0.0021096752921385764,0.004080133006963616,-0.004360514673630282,0.008300456847260565,-0.008580838513927231,0,0,1,0,0,0,0
2023-04-20 09:00:00,-0.00113141,-0.00039457583333333336,0.0025988759080985227,0.0018192131356689657,0.003898313862147784,0.007796627724295568,0.0014246373023356323,-0.002213788969002299,0.003503738028814451,-0.004292889695481117,0.007402051890962235,-0.008191203557628902,0,0,1,0,0,0,0
2023-04-20 10:00:00,-0.00117079,-0.0006744529166666668,0.0022724686570976325,0.0015907280599683426,0.0034087029856464486,0.006817405971292897,0.0009162751433016758,-0.0022651809766350093,0.0027342500689797817,-0.0040831559023131155,0.00614295305462623,-0.007491858887959564,0,0,1,0,0,0,0
2023-04-20 11:00:00,-0.00100862,-0.0009363383333333334,0.0018861610630859292,0.0013203127441601503,0.0028292415946288936,0.005658483189257787,0.00038397441082681694,-0.0022566510774934836,0.0018929032612955603,-0.003765579927962227,0.004722144855924454,-0.00659482152259112,0,0,1,0,0,0,0
2023-04-20 12:00:00,0.00107349,-0.0009866283333333334,0.0018112674701690932,0.0012678872291183652,0.00271690120525364,0.00543380241050728,0.0002812588957850318,-0.0022545155624516984,0.0017302728719203065,-0.0037035295385869733,0.004447174077173946,-0.006420430743840614,0,0,0,0,0,1,0
2023-04-20 13:00:00,0.0014155,-0.0010416441666666668,0.0017105348381412527,0.0011973743866988769,0.0025658022572118792,0.0051316045144237585,0.0001557302200322101,-0.0022390185533655437,0.0015241580905452125,-0.0036074464238785462,0.0040899603477570915,-0.0061732486810904255,0,0,0,0,0,1,0
2023-04-20 14:00:00,0.00153501,-0.0010976708333333334,0.001594605580282734,0.0011162239061979138,0.002391908370424101,0.004783816740848202,1.85530728645804e-05,-0.002213894739531247,0.0012942375370907676,-0.003489579203757434,0.003686145907514869,-0.005881487574181535,0,0,0,0,0,0,1
2023-04-20 15:00:00,0.00148044,-0.0011496095833333335,0.0014808586633421384,0.001036601064339497,0.002221287995013208,0.004442575990026416,-0.00011300851899383657,-0.0021862106476728304,0.0010716784116798744,-0.003370897578346541,0.0032929664066930825,-0.005592185573359749,0,0,0,0,0,0,1
2023-04-20 16:00:00,0.00532389,-0.0008474045833333333,0.0019731293478744095,0.0013811905435120865,0.0029596940218116143,0.0059193880436232285,0.0005337859601787532,-0.00222859512684542,0.002112289438478281,-0.0038070986051449477,0.005071983460289895,-0.006766792626956562,0,0,0,0,0,0,1
2023-04-20 17:00:00,0.00553591,-0.0005386870833333333,0.002349388209075565,0.0016445717463528953,0.0035240823136133475,0.007048164627226695,0.0011058846630195621,-0.0021832588296862286,0.0029853952302800143,-0.004062769396946681,0.006509477543893361,-0.007586851710560029,0,0,0,0,0,0,1
2023-04-20 18:00:00,0.00581346,-0.00021644125000000003,0.0026613145526294883,0.0018629201868406416,0.003991971828944232,0.007983943657888464,0.0016464789368406416,-0.002079361436840642,0.003775530578944232,-0.0042084130789442325,0.007767502407888464,-0.008200384907888464,0,0,0,0,0,0,1
2023-04-20 19:00:00,0.00613143,0.00013076625000000002,0.002921890602278826,0.002045323421595178,0.004382835903418239,0.008765671806836479,0.002176089671595178,-0.001914557171595178,0.004513602153418239,-0.0042520696534182395,0.00889643805683648,-0.008634905556836478,0,0,0,0,0,0,1
2023-04-20 20:00:00,0.00919843,0.0006046216666666667,0.003412779120100962,0.0023889453840706732,0.005119168680151443,0.010238337360302887,0.00299356705073734,-0.0017843237174040064,0.00572379034681811,-0.0045145470134847765,0.010842959026969553,-0.00963371569363622,0,0,0,0,0,0,1
2023-04-20 21:00:00,0.00919257,0.0010742183333333334,0.00378295746124949,0.002648070222874643,0.005674436191874235,0.01134887238374847,0.003722288556207976,-0.0015738518895413096,0.006748654525207568,-0.004600217858540902,0.012423090717081803,-0.010274654050415137,0,0,0,0,0,0,1
2023-04-20 22:00:00,0.00902368,0.0015039925,0.004077055952780942,0.0028539391669466594,0.006115583929171413,0.012231167858342827,0.004357931666946659,-0.0013499466669466594,0.007619576429171413,-0.004611591429171414,0.013735160358342827,-0.010727175358342826,0,0,0,0,0,0,1
2023-04-20 23:00:00,0.0087548,0.0019032591666666666,0.00430180353217913,0.0030112624725253906,0.006452705298268694,0.012905410596537388,0.004914521639192057,-0.001108003305858724,0.008355964464935361,-0.004549446131602027,0.014808669763204056,-0.01100215142987072,0,0,0,0,0,0,1
2023-04-21 00:00:00,0.00651973,0.0021913870833333332,0.004372158125900038,0.0030605106881300263,0.006558237188850057,0.013116474377700114,0.0052518977714633595,-0.000869123604796693,0.00874962427218339,-0.004366850105516724,0.015307861461033447,-0.010925087294366781,0,0,0,0,0,1,0
2023-04-21 01:00:00,0.00645398,0.0024759008333333334,0.0044198493551398,0.00309389454859786,0.006629774032709701,0.013259548065419402,0.005569795381931194,-0.0006179937152645267,0.009105674866043034,-0.004153873199376368,0.015735448898752735,-0.01078364723208607,0,0,0,0,0,1,0
2023-04-21 02:00:00,0.00646574,0.002761259166666667,0.004448246207414995,0.0031137723451904963,0.006672369311122493,0.013344738622244987,0.005875031511857164,-0.00035251317852382945,0.00943362847778916,-0.003911110144455826,0.016105997788911655,-0.01058347945557832,0,0,0,0,0,1,0
2023-04-21 03:00:00,0.00668824,0.003057805833333333,0.0044635343850565196,0.0031244740695395637,0.006695301577584779,0.013390603155169559,0.006182279902872897,-6.666823620623055e-05,0.009753107410918112,-0.003637495744251446,0.016448408988502892,-0.010332797321836226,0,0,0,0,0,1,0
2023-04-21 04:00:00,0.0059346,0.0034145662500000003,0.004329519837411246,0.003030663886187872,0.006494279756116869,0.012988559512233738,0.006445230136187872,0.0003839023638121282,0.00990884600611687,-0.003079713506116869,0.01640312576223374,-0.009573993262233738,0,0,0,0,1,0,0
2023-04-21 05:00:00,0.00602854,0.003796006666666667,0.0041267452328277625,0.0028887216629794334,0.006190117849241644,0.012380235698483288,0.0066847283296461,0.0009072850036872335,0.009986124515908312,-0.0023941111825749773,0.016176242365149956,-0.008584229031816621,0,0,0,0,1,0,0
2023-04-21 06:00:00,0.00629789,0.0042010933333333335,0.0038554337618220214,0.002698803633275415,0.0057831506427330325,0.011566301285466065,0.006899896966608749,0.0015022897000579187,0.009984243976066367,-0.001582057309399699,0.015767394618799398,-0.0073652079521327315,0,0,0,0,1,0,0
2023-04-21 07:00:00,0.00634066,0.00461821875,0.003491124005899523,0.002443786804129666,0.005236686008849285,0.01047337201769857,0.0070620055541296654,0.002174431945870334,0.009854904758849285,-0.000618467258849285,0.01509159076769857,-0.00585515326769857,0,0,0,0,1,0,0
2023-04-21 08:00:00,0.00718303,0.0049616750000000005,0.003308938364839144,0.0023162568553874007,0.004963407547258716,0.009926815094517432,0.007277931855387401,0.0026454181446125997,0.009925082547258716,-1.7325472587157234e-06,0.014888490094517433,-0.004965140094517432,0,0,0,0,1,0,0
2023-04-21 09:00:00,0.00722773,0.0053099725,0.003071089130094531,0.0021497623910661716,0.004606633695141796,0.009213267390283593,0.007459734891066171,0.0031602101089338286,0.009916606195141797,0.0007033388048582039,0.014523239890283594,-0.0039032948902835924,0,0,0,0,1,0,0
2023-04-21 10:00:00,0.00726252,0.005661360416666667,0.00276449012644203,0.001935143088509421,0.004146735189663045,0.00829347037932609,0.007596503505176088,0.003726217328157246,0.009808095606329711,0.001514625227003622,0.013954830795992757,-0.002632109962659423,0,0,0,0,1,0,0
2023-04-21 11:00:00,0.00729096,0.006007176249999999,0.00238721376641366,0.001671049636489562,0.00358082064962049,0.00716164129924098,0.007678225886489561,0.004336126613510438,0.009587996899620489,0.0024263556003795094,0.013168817549240978,-0.0011544650492409806,0,0,0,0,1,0,0
2023-04-21 12:00:00,0.00790745,0.006291924583333333,0.0021709142696528646,0.0015196399887570052,0.003256371404479297,0.006512742808958594,0.007811564572090339,0.004772284594576327,0.00954829598781263,0.003035553178854036,0.012804667392291927,-0.0002208182256252609,0,0,0,0,0,1,0
2023-04-21 13:00:00,0.00795949,0.006564590833333334,0.0019293264662861808,0.0013505285264003265,0.002893989699429271,0.005787979398858542,0.007915119359733661,0.005214062306933008,0.009458580532762606,0.003670601133904063,0.012352570232191877,0.000776611434474792,0,0,0,0,0,1,0
2023-04-21 14:00:00,0.00796628,0.006832560416666667,0.0016226331060762331,0.0011358431742533631,0.00243394965911435,0.0048678993182287,0.00796840359092003,0.005696717242413303,0.009266510075781017,0.004398610757552317,0.011700459734895367,0.0019646610984379673,0,0,0,0,1,0,0
2023-04-21 15:00:00,0.00797217,0.007103049166666667,0.0011694509236386441,0.0008186156465470509,0.0017541763854579662,0.0035083527709159324,0.007921664813213717,0.006284433520119616,0.008857225552124632,0.0053488727812087,0.0106114019375826,0.0035946963957507344,0,0,0,0,0,1,0
2023-04-21 16:00:00,0.01139145,0.007355864166666667,0.0014010269499003594,0.0009807188649302516,0.002101540424850539,0.004203080849701078,0.008336583031596918,0.006375145301736415,0.009457404591517206,0.005254323741816128,0.011558945016367745,0.0031527833169655885,0,0,0,0,0,0,1
2023-04-21 17:00:00,0.01139505,0.007599994999999999,0.0015703579227374731,0.001099250545916231,0.0023555368841062098,0.0047110737682124195,0.00869924554591623,0.006500744454083768,0.009955531884106208,0.00524445811589379,0.012311068768212419,0.0028889212317875796,0,0,0,0,0,0,1
2023-04-21 18:00:00,0.01139621,0.007832609583333334,0.0017021656804034385,0.001191515976282407,0.0025532485206051577,0.005106497041210315,0.00902412555961574,0.006641093607050927,0.010385858103938491,0.005279361062728177,0.012939106624543648,0.0027261125421230185,0,0,0,0,0,0,1
2023-04-21 19:00:00,0.01139073,0.008051747083333333,0.0018088329549198763,0.0012661830684439132,0.0027132494323798143,0.005426498864759629,0.009317930151777246,0.0067855640148894196,0.010764996515713148,0.005338497650953519,0.013478245948092962,0.0026252482185737044,0,0,0,0,0,0,1
2023-04-21 20:00:00,0.01139012,0.0081430675,0.0019210829048476358,0.0013447580333933449,0.002881624357271454,0.005763248714542908,0.009487825533393345,0.006798309466606655,0.011024691857271455,0.005261443142728546,0.013906316214542908,0.0023798187854570923,0,0,0,0,0,0,1
2023-04-21 21:00:00,0.01139014,0.008234632916666667,0.002022951696621805,0.0014160661876352636,0.0030344275449327076,0.006068855089865415,0.00965069910430193,0.006818566729031403,0.011269060461599374,0.005200205371733959,0.014303488006532082,0.0021657778268012514,0,0,0,0,0,0,1
2023-04-21 22:00:00,0.01138304,0.008332939583333332,0.0021180549227544057,0.0014826384459280838,0.003177082384131609,0.006354164768263218,0.009815578029261416,0.006850301137405248,0.01151002196746494,0.0051558571992017235,0.01468710435159655,0.0019787748150701147,0,0,0,0,0,1,0
2023-04-21 23:00:00,0.01136909,0.008441868333333333,0.0022060891511325948,0.0015442624057928163,0.003309133726698892,0.006618267453397784,0.009986130739126148,0.006897605927540517,0.011751002060032226,0.0051327346066344405,0.015060135786731117,0.0018236008799355488,0,0,0,0,0,1,0
2023-04-22 00:00:00,0.00721498,0.008470837083333333,0.0021842078811888876,0.0015289455168322212,0.003276311821783331,0.006552623643566662,0.009999782600165555,0.006941891566501112,0.011747148905116665,0.005194525261550002,0.015023460726899996,0.0019182134397666712,0,0,1,0,0,0,0
2023-04-22 01:00:00,0.0072114,0.00850239625,0.002159127634807558,0.0015113893443652905,0.003238691452211337,0.006477382904422674,0.01001378559436529,0.00699100690563471,0.011741087702211338,0.005263704797788663,0.014979779154422675,0.0020250133455773263,0,0,1,0,0,0,0
2023-04-22 02:00:00,0.00721024,0.008533417083333333,0.0021337937574158333,0.0014936556301910833,0.00320069063612375,0.0064013812722475,0.010027072713524416,0.00703976145314225,0.011734107719457083,0.005332726447209583,0.014934798355580833,0.002132035811085833,0,0,1,0,0,0,0
2023-04-22 03:00:00,0.00721577,0.0085553975,0.0021166078626717604,0.001481625503870232,0.0031749117940076408,0.0063498235880152815,0.010037023003870233,0.0070737719961297685,0.011730309294007642,0.00538048570599236,0.014905221088015282,0.0022055739119847192,0,0,1,0,0,0,0
2023-04-22 04:00:00,0.0072164,0.008608805833333334,0.002063097495923602,0.0014441682471465214,0.0030946462438854027,0.006189292487770805,0.010052974080479855,0.007164637586186812,0.011703452077218736,0.005514159589447931,0.014798098321104139,0.002419513345562528,0,0,1,0,0,0,0
2023-04-22 05:00:00,0.0072164,0.0086583,0.0020121237912475347,0.0014084866538732741,0.003018185686871302,0.006036371373742604,0.010066786653873274,0.007249813346126727,0.011676485686871303,0.005640114313128698,0.014694671373742606,0.0026219286262573966,0,1,0,0,0,0,0
2023-04-22 06:00:00,0.00718577,0.008695295,0.0019746516653984508,0.0013822561657789154,0.002961977498097676,0.005923954996195352,0.010077551165778915,0.0073130388342210854,0.011657272498097677,0.005733317501902324,0.014619249996195353,0.002771340003804648,0,1,0,0,0,0,0
2023-04-22 07:00:00,0.00688629,0.008718029583333333,0.0019493423643383355,0.0013645396550368348,0.0029240135465075034,0.005848027093015007,0.010082569238370169,0.007353489928296498,0.011642043129840837,0.00579401603682583,0.01456605667634834,0.0028700024903183267,0,1,0,0,0,0,0
2023-04-22 08:00:00,0.0092474,0.008804045,0.0019240464798213812,0.0013468325358749669,0.002886069719732072,0.005772139439464144,0.010150877535874967,0.007457212464125033,0.011690114719732072,0.005917975280267928,0.014576184439464145,0.003031905560535856,0,0,0,0,1,0,0
2023-04-22 09:00:00,0.00924635,0.008888154166666667,0.0018960604694492145,0.00132724232861445,0.0028440907041738218,0.0056881814083476435,0.010215396495281116,0.007560911838052217,0.01173224487084049,0.006044063462492845,0.01457633557501431,0.0031999727583190236,0,0,0,0,1,0,0
2023-04-22 10:00:00,0.00925912,0.008971345833333333,0.0018651829460518765,0.0013056280622363134,0.002797774419077815,0.00559554883815563,0.010276973895569646,0.00766571777109702,0.011769120252411149,0.006173571414255518,0.014566894671488962,0.0033757969951777036,0,0,0,0,1,0,0
2023-04-22 11:00:00,0.00933602,0.009056556666666667,0.0018314866869595717,0.0012820406808717,0.0027472300304393574,0.005494460060878715,0.010338597347538368,0.0077745159857949666,0.011803786697106024,0.006309326636227309,0.014551016727545382,0.0035620966057879518,0,0,0,0,1,0,0
2023-04-22 12:00:00,0.00927674,0.009113610416666666,0.001815390862013586,0.00127077360340951,0.0027230862930203792,0.0054461725860407584,0.010384384020076177,0.007842836813257155,0.011836696709687046,0.006390524123646287,0.014559783002707424,0.0036674378306259074,0,0,0,0,1,0,0
2023-04-22 13:00:00,0.00906195,0.00915954625,0.0017987899800912372,0.001259152986063866,0.0026981849701368556,0.005396369940273711,0.010418699236063865,0.007900393263936134,0.011857731220136855,0.006461361279863144,0.01455591619027371,0.003763176309726288,0,0,1,0,0,0,0
2023-04-22 14:00:00,0.00892031,0.0091992975,0.0017817342526417791,0.0012472139768492452,0.0026726013789626687,0.005345202757925337,0.010446511476849246,0.007952083523150754,0.011871898878962669,0.006526696121037331,0.014544500257925337,0.0038540947420746628,0,0,1,0,0,0,0
2023-04-22 15:00:00,0.00868564,0.009229025416666667,0.0017662544739005573,0.00123637813173039,0.002649381710850836,0.005298763421701672,0.010465403548397057,0.007992647284936276,0.011878407127517502,0.006579643705815831,0.014527788838368338,0.003930261994964995,0,0,1,0,0,0,0
2023-04-22 16:00:00,-1.346e-05,0.008753820833333334,0.0025287894769029182,0.0017701526338320427,0.0037931842153543774,0.007586368430708755,0.010523973467165377,0.006983668199501291,0.01254700504868771,0.004960636617978956,0.01634018926404209,0.0011674524026245789,1,0,0,0,0,0,0
2023-04-22 17:00:00,-0.00032348,0.00826554875,0.0030700468830626554,0.0021490328181438586,0.004605070324593983,0.009210140649187966,0.01041458156814386,0.006116515931856142,0.012870619074593984,0.0036604784254060177,0.017475689399187967,-0.0009445918991879652,1,0,0,0,0,0,0
2023-04-22 18:00:00,0.00109767,0.007836442916666667,0.003322764715795359,0.002325935301056751,0.004984147073693038,0.009968294147386076,0.010162378217723419,0.005510507615609916,0.012820589990359704,0.0028522958429736288,0.017804737064052743,-0.0021318512307194094,1,0,0,0,0,0,0
2023-04-22 19:00:00,0.00138209,0.007419416250000001,0.00348156291943321,0.0024370940436032468,0.005222344379149814,0.010444688758299629,0.009856510293603248,0.004982322206396754,0.012641760629149814,0.0021970718708501863,0.01786410500829963,-0.003025272508299628,1,0,0,0,0,0,0
2023-04-22 20:00:00,-0.00292267,0.00682305,0.00396422064909414,0.0027749544543658974,0.005946330973641209,0.011892661947282418,0.009598004454365898,0.004048095545634102,0.01276938097364121,0.0008767190263587908,0.01871571194728242,-0.005069611947282418,1,0,0,0,0,0,0
2023-04-22 21:00:00,-0.00287135,0.00622882125,0.004304166515660514,0.00301291656096236,0.006456249773490771,0.012912499546981543,0.00924173781096236,0.0032159046890376398,0.012685071023490771,-0.00022742852349077157,0.019141320796981543,-0.006683678296981543,1,0,0,0,0,0,0
2023-04-22 22:00:00,-0.00262609,0.0056451075,0.004519333812921943,0.00316353366904536,0.006779000719382915,0.01355800143876583,0.00880864116904536,0.0024815738309546397,0.012424108219382914,-0.001133893219382915,0.01920310893876583,-0.00791289393876583,1,0,0,0,0,0,0
2023-04-22 23:00:00,-0.00276254,0.005056289583333333,0.0046595591342048675,0.003261691393943407,0.006989338701307302,0.013978677402614603,0.008317980977276741,0.0017945981893899262,0.012045628284640635,-0.0019330491179739683,0.019034966985947935,-0.00892238781928127,1,0,0,0,0,0,0
2023-04-23 00:00:00,-0.00758726,0.004439529583333333,0.005297391781061352,0.0037081742467429462,0.007946087671592028,0.015892175343184056,0.00814770383007628,0.000731355336590387,0.01238561725492536,-0.0035065580882586945,0.02033170492651739,-0.011452645759850721,1,0,0,0,0,0,0
2023-04-23 01:00:00,-0.00531865,0.0039174441666666665,0.005619961780335706,0.0039339732462349945,0.00842994267050356,0.01685988534100712,0.00785141741290166,-1.652907956832799e-05,0.012347386837170227,-0.004512498503836893,0.020777329507673786,-0.012942441174340454,1,0,0,0,0,0,0
2023-04-23 02:00:00,-0.00434565,0.0034359487500000003,0.005817153914231161,0.004072007739961812,0.00872573087134674,0.01745146174269348,0.007507956489961812,-0.0006360589899618119,0.012161679621346741,-0.00528978212134674,0.020887410492693482,-0.01401551299269348,0,1,0,0,0,0,0
2023-04-23 03:00:00,-0.00378976,0.0029773850000000004,0.0059387471719832595,0.004157123020388282,0.00890812075797489,0.01781624151594978,0.0071345080203882826,-0.0011797380203882814,0.01188550575797489,-0.005930735757974889,0.02079362651594978,-0.014838856515949779,0,1,0,0,0,0,0
2023-04-23 04:00:00,-0.00026063,0.002665842083333333,0.005902713416611324,0.004131899391627927,0.008854070124916985,0.01770814024983397,0.00679774147496126,-0.0014660573082945936,0.011519912208250318,-0.006188228041583652,0.020373982333167305,-0.015042298166500637,0,0,1,0,0,0,0
2023-04-23 05:00:00,0.00015438,0.0023715912499999996,0.005841710774518411,0.004089197542162888,0.008762566161777617,0.017525132323555234,0.006460788792162888,-0.001717606292162888,0.011134157411777616,-0.006390974911777618,0.019896723573555233,-0.015153541073555234,0,0,1,0,0,0,0
2023-04-23 06:00:00,3.842e-05,0.0020737850000000003,0.005767326617984548,0.004037128632589183,0.008650989926976821,0.017301979853953642,0.006110913632589183,-0.001963343632589183,0.010724774926976821,-0.006577204926976821,0.019375764853953644,-0.015228194853953643,0,0,1,0,0,0,0
2023-04-23 07:00:00,-7.598e-05,0.0017836904166666665,0.005689306764873818,0.003982514735411672,0.008533960147310726,0.017067920294621453,0.005766205152078339,-0.0021988243187450055,0.010317650563977394,-0.00675026973064406,0.01885161071128812,-0.015284229877954785,0,0,1,0,0,0,0
2023-04-23 08:00:00,0.00446691,0.0015845033333333335,0.005497071783426606,0.003847950248398624,0.008245607675139908,0.016491215350279816,0.005432453581731957,-0.0022634469150652906,0.009830111008473242,-0.0066611043418065745,0.01807571868361315,-0.014906712016946481,0,0,0,0,1,0,0
2023-04-23 09:00:00,0.00313218,0.0013297462499999998,0.0052632571293588,0.0036842799905511597,0.0078948856940382,0.0157897713880764,0.005014026240551159,-0.00235453374055116,0.009224631944038199,-0.0065651394440382,0.017119517638076398,-0.014460025138076399,0,0,0,0,1,0,0
2023-04-23 10:00:00,0.00337421,0.0010845416666666666,0.005008709788209084,0.0035060968517463586,0.007513064682313626,0.015026129364627251,0.004590638518413025,-0.0024215551850796917,0.008597606348980292,-0.006428523015646959,0.01611067103129392,-0.013941587697960585,0,0,0,0,1,0,0
2023-04-23 11:00:00,0.00419677,0.00087040625,0.004743432856847928,0.0033204029997935497,0.007115149285271892,0.014230298570543785,0.00419080924979355,-0.0024499967497935496,0.007985555535271893,-0.006244743035271893,0.015100704820543785,-0.013359892320543784,0,0,0,0,0,1,0
2023-04-23 12:00:00,0.00522295,0.0007014983333333332,0.004496844516395016,0.003147791161476511,0.0067452667745925236,0.013490533549185047,0.0038492894948098442,-0.002446292828143178,0.007446765107925857,-0.00604376844125919,0.01419203188251838,-0.012789035215851714,0,0,0,0,0,1,0
2023-04-23 13:00:00,0.00390199,0.00048649999999999995,0.004192818165802924,0.002934972716062047,0.006289227248704387,0.012578454497408773,0.003421472716062047,-0.002448472716062047,0.0067757272487043866,-0.005802727248704387,0.013064954497408774,-0.012091954497408772,0,0,0,0,0,1,0
2023-04-23 14:00:00,0.00325173,0.00025030916666666657,0.0038420563739101567,0.0026894394617371096,0.005763084560865235,0.01152616912173047,0.002939748628403776,-0.002439130295070443,0.006013393727531902,-0.005512775394198569,0.011776478288397138,-0.011275859955063803,0,0,0,0,0,1,0
2023-04-23 15:00:00,0.00304025,1.5084583333333268e-05,0.0034566455479906146,0.0024196518835934303,0.005184968321985922,0.010369936643971844,0.0024347364669267636,-0.002404567300260097,0.0052000529053192555,-0.005169883738652589,0.010385021227305178,-0.010354852060638511,0,0,0,0,0,1,0
2023-04-23 16:00:00,0.00078398,4.8311249999999935e-05,0.0034601900759405604,0.002422133053158392,0.00519028511391084,0.01038057022782168,0.002470444303158392,-0.002373821803158392,0.00523859636391084,-0.005141973863910841,0.01042888147782168,-0.01033225897782168,0,0,0,0,1,0,0
2023-04-23 17:00:00,0.00103731,0.00010501083333333327,0.003464978743178315,0.0024254851202248203,0.005197468114767473,0.010394936229534945,0.0025304959535581537,-0.002320474286891487,0.0053024789481008056,-0.00509245728143414,0.010499947062868279,-0.010289925396201612,0,0,0,0,1,0,0
2023-04-23 18:00:00,0.00034042,7.345874999999993e-05,0.00345898916702719,0.0024212924169190325,0.005188483750540785,0.01037696750108157,0.0024947511669190323,-0.0023478336669190327,0.0052619425005407845,-0.005115025000540785,0.01045042625108157,-0.01030350875108157,0,0,0,0,1,0,0
2023-04-23 19:00:00,0.0009008,5.340499999999993e-05,0.0034524614121270243,0.002416722988488917,0.005178692118190537,0.010357384236381073,0.002470127988488917,-0.0023633179884889172,0.005232097118190537,-0.005125287118190536,0.010410789236381073,-0.010303979236381074,0,0,0,0,1,0,0
2023-04-23 20:00:00,-0.00055489,0.00015206249999999994,0.003397106611561559,0.002377974628093091,0.005095659917342339,0.010191319834684678,0.002530037128093091,-0.0022259121280930913,0.005247722417342339,-0.004943597417342339,0.010343382334684677,-0.010039257334684679,0,0,1,0,0,0,0
2023-04-23 21:00:00,-0.00028411,0.0002598641666666666,0.003337520435487245,0.0023362643048410714,0.005006280653230867,0.010012561306461734,0.002596128471507738,-0.002076400138174405,0.005266144819897534,-0.0047464164865642,0.010272425473128401,-0.009752697139795067,0,0,1,0,0,0,0
2023-04-23 22:00:00,-0.00051331,0.00034789666666666663,0.003285548426540837,0.0022998838985785856,0.004928322639811256,0.009856645279622512,0.0026477805652452523,-0.001951987231911919,0.005276219306477922,-0.004580425973144589,0.010204541946289178,-0.009508748612955845,0,0,1,0,0,0,0
2023-04-23 23:00:00,-0.00058202,0.0004387516666666666,0.003225394295123394,0.0022577760065863755,0.004838091442685091,0.009676182885370182,0.002696527673253042,-0.001819024339919709,0.0052768431093517575,-0.004399339776018424,0.01011493455203685,-0.009237431218703514,0,0,1,0,0,0,0
2023-04-24 00:00:00,0.00252632,0.0008601508333333333,0.002758008862316564,0.0019306062036215945,0.004137013293474845,0.00827402658694969,0.002790757036954928,-0.001070455370288261,0.004997164126808179,-0.003276862460141512,0.009134177420283024,-0.007413875753616357,0,0,0,0,1,0,0
2023-04-24 01:00:00,0.0023262,0.0011786862499999998,0.002436039741297547,0.0017052278189082827,0.0036540596119463203,0.007308119223892641,0.0028839140689082823,-0.0005265415689082828,0.00483274586194632,-0.0024753733619463205,0.00848680547389264,-0.006129432973892641,0,0,0,0,1,0,0
2023-04-24 02:00:00,0.00155372,0.0014244933333333331,0.00213318412406282,0.001493228886843974,0.00319977618609423,0.00639955237218846,0.002917722220177307,-6.873555351064086e-05,0.004624269519427563,-0.0017752828527608968,0.007824045705521794,-0.004975059038855127,0,0,0,0,1,0,0
2023-04-24 03:00:00,0.0015459,0.0016468125,0.0018213826083052936,0.0012749678258137055,0.0027320739124579406,0.005464147824915881,0.0029217803258137056,0.00037184467418629455,0.0043788864124579404,-0.0010852614124579405,0.007110960324915881,-0.0038173353249158814,0,0,1,0,0,0,0
2023-04-24 04:00:00,0.00150274,0.0017202862499999998,0.001776095553174745,0.0012432668872223215,0.0026641433297621177,0.005328286659524235,0.002963553137222321,0.0004770193627776783,0.004384429579762117,-0.0009438570797621179,0.007048572909524235,-0.003608000409524236,0,0,1,0,0,0,0
2023-04-24 05:00:00,0.00057386,0.0017377645833333334,0.0017620239532719765,0.0012334167672903836,0.0026430359299079646,0.005286071859815929,0.002971181350623717,0.0005043478160429498,0.004380800513241298,-0.0009052713465746312,0.007023836443149262,-0.003548307276482596,0,0,1,0,0,0,0
2023-04-24 06:00:00,0.00060253,0.0017612691666666666,0.0017420188169700044,0.001219413171879003,0.0026130282254550065,0.005226056450910013,0.0029806823385456695,0.0005418559947876636,0.004374297392121673,-0.00085175905878834,0.00698732561757668,-0.0034647872842433463,0,0,1,0,0,0,0
2023-04-24 07:00:00,0.00096291,0.0018045562500000002,0.0017069347328415975,0.001194854312989118,0.0025604020992623963,0.005120804198524793,0.002999410562989118,0.0006097019370108821,0.004364958349262396,-0.0007558458492623961,0.006925360448524793,-0.003316247948524792,0,0,1,0,0,0,0
2023-04-24 08:00:00,0.00162111,0.0016859812499999997,0.001610043025237462,0.0011270301176662233,0.0024150645378561934,0.004830129075712387,0.002813011367666223,0.0005589511323337763,0.004101045787856193,-0.0007290832878561937,0.006516110325712386,-0.0031441478257123873,0,0,1,0,0,0,0
2023-04-24 09:00:00,0.0018687,0.0016333362499999999,0.0015810957387089577,0.0011067670170962704,0.0023716436080634365,0.004743287216126873,0.0027401032670962703,0.0005265692329037295,0.004004979858063437,-0.0007383073580634367,0.006376623466126873,-0.003109950966126873,0,0,0,0,1,0,0
2023-04-24 10:00:00,0.00184106,0.001569455,0.0015380879449696328,0.0010766615614787429,0.0023071319174544492,0.0046142638349088985,0.002646116561478743,0.0004927934385212571,0.0038765869174544492,-0.0007376769174544493,0.0061837188349088985,-0.0030448088349088985,0,0,0,0,1,0,0
2023-04-24 11:00:00,0.0017237,0.0014664104166666667,0.0014337182588381667,0.0010036027811867166,0.00215057738825725,0.0043011547765145,0.002470013197853383,0.0004628076354799501,0.003616987804923917,-0.0006841669715905833,0.005767565193181167,-0.002834744359847833,0,0,0,0,1,0,0
2023-04-24 12:00:00,0.0030881,0.0013774583333333332,0.0012442213063343156,0.0008709549144340209,0.0018663319595014732,0.0037326639190029464,0.002248413247767354,0.0005065034188993123,0.0032437902928348066,-0.00048887362616814,0.005110122252336279,-0.0023552055856696135,0,0,0,0,0,1,0
2023-04-24 13:00:00,0.00319419,0.0013479666666666665,0.0011889413041996325,0.0008322589129397427,0.0017834119562994489,0.0035668239125988977,0.002180225579606409,0.0005157077537269238,0.003131378622966115,-0.0004354452896327824,0.004914790579265564,-0.0022188572459322315,0,0,0,0,0,0,1
2023-04-24 14:00:00,0.00301616,0.00133815125,0.0011734122430917188,0.0008213885701642031,0.0017601183646375781,0.0035202367292751563,0.0021595398201642033,0.0005167626798357969,0.003098269614637578,-0.00042196711463757816,0.004858387979275156,-0.0021820854792751563,0,0,0,0,0,1,0
2023-04-24 15:00:00,0.00276456,0.0013266641666666665,0.0011572634440366906,0.0008100844108256833,0.001735895166055036,0.003471790332110072,0.00213674857749235,0.0005165797558409832,0.0030625593327217025,-0.0004092309993883694,0.004798454498776738,-0.0021451261654434053,0,0,0,0,0,1,0
2023-04-24 16:00:00,0.00762498,0.0016117058333333333,0.0017223247156953204,0.0012056273009867242,0.0025834870735429805,0.005166974147085961,0.0028173331343200577,0.0004060785323466091,0.004195192906876314,-0.0009717812402096472,0.0067786799804192945,-0.0035552683137526275,0,0,0,0,0,0,1
2023-04-24 17:00:00,0.0077652,0.0018920345833333331,0.0021251781991450964,0.0014876247394015674,0.0031877672987176446,0.006375534597435289,0.0033796593227349006,0.0004044098439317657,0.0050798018820509775,-0.0012957327153843114,0.008267569180768623,-0.004483500014101956,0,0,0,0,0,0,1
2023-04-24 18:00:00,0.00782604,0.0022039354166666666,0.0024168514916383752,0.0016917960441468626,0.003625277237457563,0.007250554474915126,0.003895731460813529,0.0005121393725198041,0.005829212654124229,-0.0014213418207908962,0.009454489891581793,-0.005046619058248459,0,0,0,0,0,0,1
2023-04-24 19:00:00,0.00784463,0.002493261666666667,0.002657697411575063,0.001860388188102544,0.003986546117362595,0.00797309223472519,0.004353649854769211,0.0006328734785641227,0.006479807784029262,-0.0014932844506959282,0.010466353901391856,-0.005479830568058524,0,0,0,0,0,0,1
2023-04-24 20:00:00,0.00676058,0.0027980729166666666,0.0027118589552611854,0.0018983012686828297,0.004067788432891778,0.008135576865783556,0.004696374185349496,0.0008997716479838369,0.006865861349558445,-0.0012697155162251115,0.010933649782450223,-0.00533750394911689,0,0,0,0,0,1,0
2023-04-24 21:00:00,0.00674949,0.003091139583333334,0.0027441530614895487,0.001920907143042684,0.004116229592234323,0.008232459184468646,0.0050120467263760175,0.00117023244029065,0.0072073691755676576,-0.001025090008900989,0.01132359876780198,-0.005141319601135312,0,0,0,0,0,1,0
2023-04-24 22:00:00,0.00640235,0.0033792920833333327,0.002712114059731109,0.0018984798418117761,0.004068171089596663,0.008136342179193326,0.005277771925145109,0.0014808122415215566,0.007447463172929996,-0.0006888790062633304,0.011515634262526659,-0.004757050095859994,0,0,0,0,0,1,0
2023-04-24 23:00:00,0.00572712,0.0036421729166666666,0.0026155030441638344,0.001830852130914684,0.003923254566245752,0.007846509132491504,0.005473025047581351,0.0018113207857519825,0.007565427482912418,-0.00028108164957908527,0.01148868204915817,-0.004204336215824837,0,0,0,0,0,1,0
2023-04-25 00:00:00,-0.00178236,0.0034626445833333334,0.0028341595755739025,0.0019839117029017317,0.004251239363360854,0.008502478726721708,0.005446556286235065,0.0014787328804316017,0.007713883946694188,-0.0007885947800275205,0.011965123310055042,-0.005039834143388374,1,0,0,0,0,0,0
2023-04-25 01:00:00,-0.00242733,0.003264580833333333,0.00307306237163874,0.002151143660147118,0.0046095935574581096,0.009219187114916219,0.005415724493480451,0.001113437173186215,0.007874174390791442,-0.0013450127241247767,0.012483767948249552,-0.005954606281582887,1,0,0,0,0,0,0
2023-04-25 02:00:00,-0.00254338,0.003093868333333333,0.0032791258239004873,0.002295388076730341,0.004918688735850731,0.009837377471701462,0.005389256410063674,0.0007984802566029922,0.008012557069184065,-0.0018248204025173979,0.012931245805034795,-0.006743509138368129,1,0,0,0,0,0,0
2023-04-25 03:00:00,-0.00149862,0.0029670133333333337,0.003398336245311393,0.0023788353717179747,0.005097504367967089,0.010195008735934178,0.005345848705051308,0.000588177961615359,0.008064517701300422,-0.0021304910346337555,0.013162022069267513,-0.007227995402600844,0,1,0,0,0,0,0
2023-04-25 04:00:00,-0.00325949,0.002768587083333333,0.003619393105248067,0.002533575173673647,0.0054290896578721,0.0108581793157442,0.00530216225700698,0.00023501190965968637,0.008197676741205433,-0.002660502574538767,0.013626766399077533,-0.008089592232410868,1,0,0,0,0,0,0
2023-04-25 05:00:00,-0.00327558,0.00260819375,0.0038015892134804067,0.0026611124494362844,0.00570238382022061,0.01140476764044122,0.005269306199436285,-5.291869943628439e-05,0.00831057757022061,-0.0030941900702206103,0.01401296139044122,-0.008796573890441221,1,0,0,0,0,0,0
2023-04-25 06:00:00,-0.00287675,0.00246322375,0.003945032001006281,0.0027615224007043965,0.005917548001509422,0.011835096003018844,0.005224746150704397,-0.0002982986507043964,0.008380771751509423,-0.0034543242515094217,0.014298319753018844,-0.009371872253018844,0,1,0,0,0,0,0
2023-04-25 07:00:00,-0.00239668,0.002323240833333333,0.0040585541447234,0.0028409879013063795,0.0060878312170851,0.0121756624341702,0.005164228734639713,-0.0005177470679730463,0.008411072050418434,-0.003764590383751767,0.014498903267503534,-0.009852421600836866,0,1,0,0,0,0,0
2023-04-25 08:00:00,0.0037045,0.0024100487499999997,0.004065158719736073,0.0028456111038152507,0.00609773807960411,0.01219547615920822,0.0052556598538152505,-0.000435562353815251,0.00850778682960411,-0.00368768932960411,0.014605524909208219,-0.00978542740920822,0,0,0,0,1,0,0
2023-04-25 09:00:00,0.00392144,0.002495579583333333,0.004074856770283582,0.002852399739198507,0.0061122851554253725,0.012224570310850745,0.00534797932253184,-0.00035682015586517395,0.008607864738758705,-0.0036167055720920395,0.014720149894184078,-0.009728990727517412,0,0,0,0,1,0,0
2023-04-25 10:00:00,0.00398609,0.0025849558333333332,0.004083391800628834,0.002858374260440183,0.006125087700943251,0.012250175401886502,0.005443330093773516,-0.00027341842710685,0.008710043534276584,-0.0035401318676099177,0.014835131235219835,-0.009665219568553169,0,0,0,0,1,0,0
2023-04-25 11:00:00,0.00389696,0.002675508333333333,0.004087557136619324,0.0028612899956335265,0.006131335704928986,0.012262671409857972,0.00553679832896686,-0.0001857816623001933,0.008806844038262318,-0.0034558273715956525,0.014938179743191305,-0.009587163076524638,0,0,0,0,1,0,0
2023-04-25 12:00:00,0.00641063,0.0028139470833333335,0.004157799229835609,0.0029104594608849264,0.006236698844753414,0.012473397689506827,0.00572440654421826,-9.651237755159284e-05,0.009050645928086748,-0.00342275176142008,0.015287344772840161,-0.009659450606173493,0,0,0,0,0,1,0
2023-04-25 13:00:00,0.00646068,0.0029500508333333334,0.004223728348739669,0.0029566098441177677,0.006335592523109503,0.012671185046219006,0.0059066606774511015,-6.559010784434275e-06,0.009285643356442837,-0.0033855416897761695,0.01562123587955234,-0.009721134212885672,0,0,0,0,0,1,0
2023-04-25 14:00:00,0.00612095,0.003079417083333333,0.0042731001007551605,0.002991170070528612,0.006409650151132741,0.012819300302265482,0.006070587153861945,8.824701280472089e-05,0.009489067234466074,-0.003330233067799408,0.015898717385598816,-0.00973988321893215,0,0,0,0,0,1,0
2023-04-25 15:00:00,0.00574198,0.00320347625,0.004306650937758254,0.003014655656430778,0.006459976406637381,0.012919952813274762,0.006218131906430778,0.00018882059356922212,0.009663452656637381,-0.003256500156637381,0.016123429063274762,-0.009716476563274762,0,0,0,0,1,0,0
2023-04-25 16:00:00,0.00299821,0.0030106941666666665,0.004202416765103789,0.002941691735572652,0.006303625147655683,0.012607250295311366,0.005952385902239319,6.900243109401452e-05,0.009314319314322349,-0.0032929309809890165,0.015617944461978032,-0.0095965561286447,0,0,1,0,0,0,0
2023-04-25 17:00:00,0.00241513,0.002787774583333333,0.004079342385928722,0.002855539670150105,0.006119013578893082,0.012238027157786165,0.005643314253483437,-6.77650868167721e-05,0.008906788162226415,-0.0033312389955597495,0.015025801741119497,-0.009450252574452832,0,0,1,0,0,0,0
2023-04-25 18:00:00,0.00265494,0.0025723120833333335,0.00393569582501315,0.0027549870775092048,0.005903543737519725,0.01180708747503945,0.005327299160842538,-0.00018267499417587126,0.008475855820853058,-0.0033312316541863913,0.014379399558372783,-0.009234775391706116,0,0,0,0,1,0,0
2023-04-25 19:00:00,0.00206944,0.0023316791666666667,0.0037724918573997126,0.0026407443001797985,0.005658737786099569,0.011317475572199137,0.004972423466846465,-0.00030906513351313183,0.007990416952766236,-0.003327058619432902,0.013649154738865804,-0.008985796405532471,0,0,1,0,0,0,0
2023-04-25 20:00:00,0.00259009,0.00215790875,0.0036538002045973716,0.0025576601432181598,0.005480700306896057,0.010961400613792114,0.00471556889321816,-0.0003997513932181597,0.007638609056896057,-0.003322791556896057,0.013119309363792114,-0.008803491863792114,0,0,0,0,1,0,0
2023-04-25 21:00:00,0.00256341,0.00198348875,0.0035226445310705154,0.0024658511717493606,0.005283966796605773,0.010567933593211546,0.004449339921749361,-0.00048236242174936076,0.007267455546605773,-0.003300478046605773,0.012551422343211546,-0.008584444843211546,0,0,0,0,1,0,0
2023-04-25 22:00:00,0.00242055,0.0018175804166666665,0.003397004033673717,0.002377902823571602,0.005095506050510575,0.01019101210102115,0.004195483240238268,-0.0005603224069049353,0.006913086467177242,-0.003277925633843909,0.012008592517687818,-0.008373431684354483,0,0,0,0,1,0,0
2023-04-25 23:00:00,0.00232849,0.0016759708333333335,0.0032962883446898935,0.0023074018412829254,0.004944432517034841,0.009888865034069681,0.003983372674616259,-0.0006314310079495919,0.006620403350368174,-0.003268461683701507,0.011564835867403015,-0.008212894200736348,0,0,0,0,1,0,0
2023-04-26 00:00:00,0.00335254,0.001889925,0.003227996325278071,0.0022595974276946496,0.0048419944879171065,0.009683988975834213,0.00414952242769465,-0.0003696724276946496,0.006731919487917106,-0.0029520694879171068,0.011573913975834214,-0.007794063975834213,0,0,0,0,1,0,0
2023-04-26 01:00:00,0.00429511,0.0021700266666666666,0.0031271764167177065,0.0021890234917023945,0.00469076462507656,0.00938152925015312,0.004359050158369061,-1.899682503572796e-05,0.0068607912917432266,-0.0025207379584098934,0.011551555916819787,-0.0072115025834864534,0,0,0,0,1,0,0
2023-04-26 02:00:00,0.0040311,0.0024439633333333335,0.0029808719490293733,0.002086610364320561,0.00447130792354406,0.00894261584708812,0.004530573697653894,0.0003573529690127724,0.006915271256877393,-0.002027344590210726,0.011386579180421453,-0.006498652513754786,0,0,0,0,1,0,0
2023-04-26 03:00:00,0.00316707,0.0026383670833333337,0.0028623541279596547,0.002003647889571758,0.004293531191939482,0.008587062383878965,0.004642014972905091,0.0006347191937615755,0.0069318982752728155,-0.0016551641086061486,0.011225429467212299,-0.00594869530054563,0,0,0,0,1,0,0
2023-04-26 04:00:00,0.00378402,0.002931846666666667,0.0025783489205348483,0.0018048442443743937,0.0038675233808022724,0.007735046761604545,0.00473669091104106,0.0011270024222922732,0.006799370047468939,-0.0009356767141356056,0.010666893428271212,-0.0048032000949378775,0,0,0,0,1,0,0
2023-04-26 05:00:00,0.00380622,0.003226921666666667,0.002216970449073847,0.0015518793143516928,0.0033254556736107706,0.006650911347221541,0.00477880098101836,0.0016750423523149741,0.006552377340277438,-9.853400694410366e-05,0.009877833013888209,-0.0034239896805548743,0,0,0,0,1,0,0
2023-04-26 06:00:00,0.00390411,0.0035094575000000003,0.0017977277161322365,0.0012584094012925654,0.0026965915741983546,0.005393183148396709,0.004767866901292566,0.002251048098707435,0.006206049074198355,0.0008128659258016457,0.00890264064839671,-0.0018837256483967089,0,0,0,0,1,0,0
2023-04-26 07:00:00,0.00427784,0.0037875624999999997,0.0012884724316507277,0.0009019307021555093,0.0019327086474760914,0.003865417294952183,0.004689493202155509,0.0028856317978444906,0.005720271147476091,0.0018548538525239083,0.007652979794952183,-7.78547949521831e-05,0,0,0,0,1,0,0
2023-04-26 08:00:00,0.00070396,0.00366254,0.0014342135816749527,0.0010039495071724669,0.002151320372512429,0.004302640745024858,0.004666489507172467,0.0026585904928275333,0.0058138603725124294,0.0015112196274875713,0.007965180745024858,-0.0006401007450248576,1,0,0,0,0,0,0
2023-04-26 09:00:00,0.00180408,0.003574316666666667,0.0014819247407302546,0.0010373473185111782,0.002222887111095382,0.004445774222190764,0.004611663985177845,0.002536969348155489,0.005797203777762048,0.001351429555571285,0.008020090888857431,-0.0008714575555240967,0,1,0,0,0,0,0
2023-04-26 10:00:00,0.00072964,0.0034386312500000005,0.0015878765810114096,0.0011115136067079865,0.0023818148715171144,0.004763629743034229,0.0045501448567079866,0.002327117643292014,0.005820446121517115,0.001056816378482886,0.008202260993034229,-0.0013249984930342284,1,0,0,0,0,0,0
2023-04-26 11:00:00,0.00049387,0.003296835833333333,0.0016935954531061756,0.001185516817174323,0.0025403931796592633,0.005080786359318527,0.004482352650507656,0.0021113190161590103,0.005837229012992596,0.0007564426536740697,0.00837762219265186,-0.0017839505259851936,1,0,0,0,0,0,0
2023-04-26 12:00:00,0.00146514,0.00309077375,0.0015963330996103045,0.0011174331697272131,0.0023944996494154568,0.0047889992988309135,0.004208206919727213,0.001973340580272787,0.005485273399415456,0.0006962741005845431,0.007879773048830913,-0.0016982255488309137,0,1,0,0,0,0,0
2023-04-26 13:00:00,0.00292115,0.002943293333333333,0.001425862334298457,0.0009981036340089198,0.0021387935014476854,0.004277587002895371,0.003941396967342253,0.0019451896993244134,0.005082086834781018,0.0008044998318856478,0.007220880336228704,-0.0013342936695620376,0,0,1,0,0,0,0
2023-04-26 14:00:00,0.00381971,0.0028474083333333336,0.0012719527609756794,0.0008903669326829755,0.0019079291414635191,0.0038158582829270382,0.0037377752660163093,0.001957041400650358,0.004755337474796853,0.0009394791918698145,0.006663266616260372,-0.0009684499495937046,0,0,0,0,0,1,0
2023-04-26 15:00:00,0.00435525,0.002789627916666667,0.0011614418236304868,0.0008130092765413407,0.0017421627354457301,0.0034843254708914603,0.0036026371932080074,0.0019766186401253263,0.004531790652112397,0.0010474651812209367,0.006273953387558127,-0.0006946975542247934,0,0,0,0,0,1,0
2023-04-26 16:00:00,0.01060533,0.00310659125,0.0019743606337711854,0.0013820524436398297,0.002961540950656778,0.005923081901313556,0.00448864369363983,0.0017245388063601703,0.006068132200656778,0.00014505029934322195,0.009029673151313556,-0.002816490651313556,0,0,0,0,0,0,1
2023-04-26 17:00:00,0.01060478,0.003447826666666667,0.002490035927980139,0.0017430251495860972,0.003735053891970209,0.007470107783940418,0.005190851816252764,0.0017048015170805697,0.0071828805586368755,-0.000287227225303542,0.010917934450607085,-0.0040222811172737506,0,0,0,0,0,0,1
2023-04-26 18:00:00,0.01060416,0.0037790441666666666,0.0028783897367072983,0.0020148728156951087,0.004317584605060948,0.008635169210121895,0.005793916982361775,0.001764171350971558,0.008096628771727614,-0.0005385404383942811,0.012414213376788562,-0.004856125043455228,0,0,0,0,0,0,1
2023-04-26 19:00:00,0.01059804,0.004134402499999999,0.003169852421770168,0.0022188966952391177,0.004754778632655252,0.009509557265310505,0.006353299195239117,0.0019155058047608817,0.00888918113265525,-0.0006203761326552528,0.013643959765310503,-0.005375154765310505,0,0,0,0,0,0,1
2023-04-26 20:00:00,0.01054656,0.004465922083333333,0.0034084059625744244,0.002385884173802097,0.005112608943861637,0.010225217887723273,0.0068518062571354295,0.002080037909531236,0.00957853102719497,-0.0006466868605283036,0.014691139971056606,-0.00575929580438994,0,0,0,0,0,0,1
2023-04-26 21:00:00,0.01052685,0.004797732083333333,0.0035975188532532927,0.002518263197277305,0.0053962782798799395,0.010792556559759879,0.007315995280610638,0.0022794688860560282,0.010194010363213272,-0.0005985461965466064,0.015590288643093211,-0.005994824476426546,0,0,0,0,0,0,1
2023-04-26 22:00:00,0.01036454,0.005128731666666666,0.003732222569162019,0.002612555798413413,0.005598333853743028,0.011196667707486056,0.00774128746508008,0.0025161758682532534,0.010727065520409695,-0.00046960218707636173,0.016325399374152724,-0.00606793604081939,0,0,0,0,0,1,0
2023-04-26 23:00:00,0.00941372,0.005423949583333334,0.003780995077316439,0.002646696554121507,0.005671492615974659,0.011342985231949317,0.00807064613745484,0.002777253029211827,0.011095442199307992,-0.0002475430326413248,0.01676693481528265,-0.005919035648615983,0,0,0,0,0,1,0
2023-04-27 00:00:00,0.00294533,0.0054069825,0.0037915934187921947,0.002654115393154536,0.005687390128188292,0.011374780256376584,0.008061097893154536,0.002752867106845464,0.011094372628188291,-0.00028040762818829206,0.016781762756376585,-0.005967797756376584,0,0,1,0,0,0,0
2023-04-27 01:00:00,0.00315549,0.005359498333333333,0.0038131978998811474,0.002669238529916803,0.005719796849821721,0.011439593699643442,0.008028736863250136,0.00269025980341653,0.011079295183155053,-0.00036029851648838786,0.016799092032976776,-0.006080095366310109,0,0,1,0,0,0,0
2023-04-27 02:00:00,0.00311257,0.005321226250000001,0.0038316751353772095,0.0026821725947640466,0.0057475127030658145,0.011495025406131629,0.008003398844764047,0.002639053655235954,0.011068738953065815,-0.0004262864530658137,0.01681625165613163,-0.006173799156131628,0,0,1,0,0,0,0
2023-04-27 03:00:00,0.00313515,0.00531989625,0.0038324608263028883,0.0026827225784120216,0.0057486912394543324,0.011497382478908665,0.008002618828412023,0.0026371736715879784,0.011068587489454332,-0.0004287949894543324,0.016817278728908664,-0.006177486228908665,0,0,1,0,0,0,0
2023-04-27 04:00:00,-0.00253973,0.005056406666666667,0.004147115049305931,0.002902980534514151,0.006220672573958896,0.012441345147917792,0.007959387201180817,0.0021534261321525154,0.011277079240625563,-0.0011642659072922295,0.017497751814584458,-0.0073849384812511255,1,0,0,0,0,0,0
2023-04-27 05:00:00,-0.00307202,0.0047698133333333335,0.004462910192984988,0.0031240371350894913,0.006694365289477482,0.013388730578954964,0.007893850468422826,0.0016457761982438422,0.011464178622810815,-0.0019245519561441483,0.018158543912288296,-0.008618917245621631,1,0,0,0,0,0,0
2023-04-27 06:00:00,-0.00315348,0.004475747083333333,0.00474597214096285,0.003322180498673995,0.007118958211444275,0.01423791642288855,0.007797927582007327,0.0011535665846593378,0.011594705294777609,-0.0026432111281109423,0.018713663506221882,-0.009762169339555218,1,0,0,0,0,0,0
2023-04-27 07:00:00,-0.00287898,0.00417754625,0.004978110605060497,0.0034846774235423477,0.007467165907590746,0.014934331815181492,0.007662223673542348,0.000692868826457652,0.011644712157590746,-0.0032896196575907463,0.01911187806518149,-0.010756785565181493,0,1,0,0,0,0,0
2023-04-27 08:00:00,0.00312334,0.00427835375,0.00492896548474231,0.003450275839319617,0.007393448227113466,0.014786896454226931,0.007728629589319616,0.0008280779106803831,0.011671801977113466,-0.0031150944771134656,0.019065250204226933,-0.010508542704226931,0,0,1,0,0,0,0
2023-04-27 09:00:00,0.00314416,0.004334190416666667,0.004907260178273998,0.0034350821247917983,0.007360890267410997,0.014721780534821994,0.0077692725414584655,0.0008991082918748689,0.011695080684077664,-0.00302669985074433,0.01905597095148866,-0.010387590118155328,0,0,1,0,0,0,0
2023-04-27 10:00:00,0.00266778,0.00441494625,0.004861093455345936,0.003402765418742155,0.007291640183018904,0.014583280366037808,0.007817711668742155,0.0010121808312578452,0.011706586433018903,-0.002876693933018904,0.018998226616037808,-0.010168334116037809,0,0,1,0,0,0,0
2023-04-27 11:00:00,0.00220964,0.004486436666666667,0.004813302021087584,0.003369311414761309,0.007219953031631376,0.014439906063262752,0.007855748081427976,0.0011171252519053582,0.011706389698298042,-0.0027335163649647087,0.018926342729929418,-0.009953469396596085,0,0,1,0,0,0,0
2023-04-27 12:00:00,0.00410071,0.004596252083333333,0.00477125578792872,0.0033398790515501036,0.0071568836818930795,0.014313767363786159,0.007936131134883437,0.0012563730317832291,0.011753135765226411,-0.0025606315985597468,0.01891001944711949,-0.009717515280452827,0,0,1,0,0,0,0
2023-04-27 13:00:00,0.00411477,0.00464598625,0.004759241698684155,0.003331469189078908,0.007138862548026232,0.014277725096052464,0.007977455439078908,0.0013145170609210922,0.011784848798026232,-0.002492876298026232,0.018923711346052464,-0.009631738846052465,0,0,1,0,0,0,0
2023-04-27 14:00:00,0.00404435,0.00465534625,0.004757766678650462,0.0033304366750553233,0.0071366500179756934,0.014273300035951387,0.007985782925055324,0.001324909574944677,0.011791996267975693,-0.0024813037679756933,0.018928646285951388,-0.009617953785951386,0,0,1,0,0,0,0
2023-04-27 15:00:00,0.00433256,0.004654400833333333,0.004757831157463422,0.0033304818102243955,0.007136746736195134,0.014273493472390267,0.007984882643557728,0.0013239190231089377,0.011791147569528468,-0.0024823459028618005,0.0189278943057236,-0.009619092639056935,0,0,1,0,0,0,0
2023-04-27 16:00:00,0.00153551,0.004276491666666667,0.004622893750215305,0.0032360256251507133,0.006934340625322957,0.013868681250645915,0.00751251729181738,0.0010404660415159533,0.011210832291989624,-0.0026578489586562906,0.01814517291731258,-0.009592189583979248,0,0,1,0,0,0,0
2023-04-27 17:00:00,0.00160305,0.003901419583333333,0.004449035713224083,0.0031143249992568577,0.006673553569836124,0.013347107139672248,0.0070157445825901905,0.0007870945840764755,0.010574973153169458,-0.002772133986502791,0.017248526723005583,-0.009445687556338915,0,0,1,0,0,0,0
2023-04-27 18:00:00,0.00164617,0.00352817,0.00423277063871059,0.002962939447097413,0.006349155958065885,0.01269831191613177,0.006491109447097413,0.0005652305529025873,0.009877325958065885,-0.0028209859580658847,0.01622648191613177,-0.009170141916131769,0,0,1,0,0,0,0
2023-04-27 19:00:00,0.00221746,0.0031789791666666668,0.003961139848093705,0.0027727978936655934,0.005941709772140558,0.011883419544281116,0.00595177706033226,0.0004061812730010734,0.009120688938807225,-0.002762730605473891,0.015062398710947783,-0.00870444037761445,0,0,1,0,0,0,0
2023-04-27 20:00:00,0.00465302,0.002933415,0.003655423435981359,0.002558796405186951,0.005483135153972038,0.010966270307944077,0.005492211405186951,0.0003746185948130488,0.008416550153972038,-0.0025497201539720384,0.013899685307944077,-0.008032855307944077,0,0,0,0,1,0,0
2023-04-27 21:00:00,0.00446481,0.00268083,0.0033000823875670836,0.0023100576712969585,0.0049501235813506255,0.009900247162701251,0.004990887671296958,0.00037077232870304146,0.007630953581350625,-0.0022692935813506255,0.012581077162701251,-0.007219417162701251,0,0,0,0,1,0,0
2023-04-27 22:00:00,0.0040258,0.002416715833333333,0.0028860828010417285,0.00202025796072921,0.004329124201562593,0.008658248403125186,0.0044369737940625435,0.0003964578726041233,0.006745840034895926,-0.00191240836822926,0.011074964236458519,-0.006241532569791854,0,0,0,0,1,0,0
2023-04-27 23:00:00,0.00395522,0.0021892783333333334,0.0024999596576008812,0.0017499717603206167,0.003749939486401322,0.007499878972802644,0.00393925009365395,0.0004393065730127167,0.005939217819734655,-0.0015606611530679885,0.009689157306135978,-0.00531060063946931,0,0,0,0,0,1,0
2023-04-28 00:00:00,0.00667683,0.0023447574999999996,0.0026599419410912183,0.0018619593587638527,0.003989912911636828,0.007979825823273655,0.004206716858763853,0.0004827981412361469,0.006334670411636828,-0.001645155411636828,0.010324583323273654,-0.005635068323273656,0,0,0,0,0,0,1
2023-04-28 01:00:00,0.00627807,0.002474865,0.0027751935690279233,0.0019426354983195463,0.0041627903535418845,0.008325580707083769,0.004417500498319547,0.0005322295016804539,0.006637655353541884,-0.0016879253535418844,0.010800445707083769,-0.005850715707083769,0,0,0,0,0,1,0
2023-04-28 02:00:00,0.00576641,0.0025854416666666667,0.002853474106716491,0.0019974318747015434,0.004280211160074736,0.008560422320149473,0.00458287354136821,0.0005880097919651233,0.006865652826741403,-0.0016947694934080697,0.01114586398681614,-0.005974980653482806,0,0,0,0,0,1,0
2023-04-28 03:00:00,0.00644785,0.0027234708333333333,0.002959377157211529,0.00207156401004807,0.004439065735817293,0.008878131471634586,0.004795034843381403,0.0006519068232852632,0.0071625365691506265,-0.00171559490248396,0.01160160230496792,-0.006154660638301253,0,0,0,0,0,1,0
2023-04-28 04:00:00,0.00475326,0.0030273454166666667,0.002763383318545807,0.0019343683229820646,0.00414507497781871,0.00829014995563742,0.0049617137396487316,0.0010929770936846021,0.007172420394485377,-0.0011177295611520433,0.011317495372304087,-0.005262804538970753,0,0,0,0,1,0,0
2023-04-28 05:00:00,0.00479732,0.0033552345833333334,0.0024582150612110936,0.0017207505428477655,0.0036873225918166407,0.007374645183633281,0.005075985126181098,0.0016344840404855679,0.007042557175149974,-0.0003320880084833073,0.010729879766966615,-0.004019410600299948,0,0,0,0,1,0,0
2023-04-28 06:00:00,0.00479651,0.003686484166666667,0.0020437111174781155,0.0014305977822346807,0.003065566676217173,0.006131133352434346,0.005117081948901347,0.002255886384431986,0.00675205084288384,0.0006209174904494939,0.009817617519101013,-0.002444649185767679,0,0,0,0,1,0,0
2023-04-28 07:00:00,0.00490327,0.004010744583333334,0.001502420372511958,0.0010516942607583706,0.0022536305587679373,0.0045072611175358745,0.005062438844091704,0.0029590503225749637,0.006264375142101271,0.0017571140245653968,0.008518005700869209,-0.0004965165342025405,0,0,0,0,1,0,0
2023-04-28 08:00:00,0.00138675,0.003938386666666667,0.0015864829174094203,0.0011105380421865942,0.0023797243761141305,0.004759448752228261,0.005048924708853261,0.0028278486244800727,0.0063181110427807975,0.0015586622905525362,0.008697835418894927,-0.0008210620855615943,1,0,0,0,0,0,0
2023-04-28 09:00:00,0.00351379,0.0039537879166666665,0.001580219283814424,0.0011061534986700967,0.0023703289257216357,0.0047406578514432715,0.005059941415336763,0.0028476344179965696,0.006324116842388303,0.0015834589909450307,0.008694445768109939,-0.000786869934776605,0,0,1,0,0,0,0
2023-04-28 10:00:00,0.00351379,0.0039890383333333335,0.00155958604114004,0.001091710228798028,0.0023393790617100597,0.0046787581234201195,0.005080748562131362,0.0028973281045353056,0.006328417395043393,0.0016496592716232737,0.008667796456753453,-0.000689719790086786,0,0,1,0,0,0,0
2023-04-28 11:00:00,0.00340687,0.0040389229166666665,0.0015188101245711524,0.0010631670871998067,0.0022782151868567285,0.004556430373713457,0.005102090003866473,0.00297575582946686,0.006317138103523395,0.001760707729809938,0.008595353290380123,-0.0005175074570467906,0,0,1,0,0,0,0
2023-04-28 12:00:00,0.00153214,0.0039318991666666666,0.0016024611699505535,0.0011217228189653874,0.0024036917549258305,0.004807383509851661,0.005053621985632054,0.0028101763477012794,0.006335590921592497,0.001528207411740836,0.008739282676518328,-0.0008754843431849945,0,1,0,0,0,0,0
2023-04-28 13:00:00,0.00138725,0.0038182525000000004,0.0016835922452620598,0.0011785145716834418,0.0025253883678930896,0.005050776735786179,0.004996767071683442,0.0026397379283165587,0.00634364086789309,0.0012928641321069108,0.00886902923578618,-0.0012325242357861788,0,1,0,0,0,0,0
2023-04-28 14:00:00,0.00127469,0.00370285,0.001760583770956822,0.0012324086396697754,0.002640875656435233,0.005281751312870466,0.004935258639669775,0.0024704413603302247,0.006343725656435233,0.0010619743435647672,0.008984601312870466,-0.0015789013128704658,0,1,0,0,0,0,0
2023-04-28 15:00:00,0.00140911,0.0035810395833333337,0.0018154011627053717,0.0012707808138937601,0.0027231017440580577,0.005446203488116115,0.004851820397227094,0.0023102587694395736,0.006304141327391391,0.000857937839275276,0.00902724307144945,-0.0018651639047827817,0,1,0,0,0,0,0
2023-04-28 16:00:00,0.00079644,0.003550245,0.0018573908299149634,0.0013001735809404743,0.002786086244872445,0.00557217248974489,0.004850418580940474,0.002250071419059526,0.006336331244872445,0.0007641587551275551,0.00912241748974489,-0.00202192748974489,0,1,0,0,0,0,0
2023-04-28 17:00:00,0.00073137,0.0035139249999999998,0.0019050338861096696,0.0013335237202767687,0.0028575508291645044,0.005715101658329009,0.004847448720276769,0.002180401279723231,0.006371475829164504,0.0006563741708354954,0.009229026658329009,-0.002201176658329009,0,1,0,0,0,0,0
2023-04-28 18:00:00,0.00072237,0.003475433333333333,0.00195313857166105,0.001367197000162735,0.0029297078574915753,0.005859415714983151,0.004842630333496068,0.002108236333170598,0.0064051411908249084,0.0005457254758417579,0.009334849048316484,-0.0023839823816498174,0,1,0,0,0,0,0
2023-04-28 19:00:00,0.00044918,0.003401755,0.0020343216458243735,0.0014240251520770614,0.0030514824687365603,0.006102964937473121,0.004825780152077061,0.0019777298479229386,0.0064532374687365605,0.0003502725312634395,0.00950471993747312,-0.002701209937473121,0,1,0,0,0,0,0
2023-04-28 20:00:00,-0.00020358,0.003199396666666667,0.0021430848116648182,0.0015001593681653726,0.003214627217497227,0.006429254434994454,0.00469955603483204,0.0016992372985012944,0.0064140238841638945,-1.5230550830560175e-05,0.00962865110166112,-0.0032298577683277873,1,0,0,0,0,0,0
2023-04-28 21:00:00,-0.00126498,0.0029606554166666664,0.0023087370782632808,0.0016161159547842965,0.003463105617394921,0.006926211234789842,0.004576771371450963,0.0013445394618823699,0.006423761034061587,-0.0005024502007282545,0.009886866651456508,-0.003965555818123176,1,0,0,0,0,0,0
2023-04-28 22:00:00,-0.00211036,0.002704982083333333,0.002516104222215769,0.0017612729555510382,0.0037741563333236537,0.007548312666647307,0.004466255038884371,0.000943709127782295,0.006479138416656987,-0.0010691742499903205,0.01025329474998064,-0.004843330583313974,1,0,0,0,0,0,0
2023-04-28 23:00:00,-0.00262972,0.0024306095833333333,0.0027242643644597095,0.0019069850551217966,0.004086396546689564,0.008172793093379128,0.00433759463845513,0.0005236245282115367,0.0065170061300228975,-0.001655786963356231,0.010603402676712462,-0.005742183510045795,1,0,0,0,0,0,0
2023-04-29 00:00:00,-0.00574901,0.0019128662500000001,0.003044164541714719,0.002130915179200303,0.004566246812572079,0.009132493625144157,0.0040437814292003035,-0.00021804892920030306,0.0064791130625720785,-0.0026533805625720787,0.011045359875144158,-0.007219627375144157,1,0,0,0,0,0,0
2023-04-29 01:00:00,-0.00604715,0.0013993154166666666,0.0033042580982133563,0.0023129806687493494,0.004956387147320034,0.009912774294640068,0.0037122960854160158,-0.0009136652520826828,0.006355702563986701,-0.003557071730653368,0.011312089711306735,-0.008513458877973402,1,0,0,0,0,0,0
2023-04-29 02:00:00,-0.00763526,0.0008409125000000001,0.0036486167871891853,0.0025540317510324294,0.005472925180783778,0.010945850361567555,0.0033949442510324297,-0.0017131192510324291,0.0063138376807837775,-0.004632012680783778,0.011786762861567556,-0.010104937861567555,1,0,0,0,0,0,0
2023-04-29 03:00:00,-0.00870053,0.00020973000000000007,0.003935486750001176,0.002754840725000823,0.005903230125001764,0.011806460250003528,0.002964570725000823,-0.002545110725000823,0.006112960125001764,-0.005693500125001764,0.012016190250003528,-0.011596730250003528,1,0,0,0,0,0,0
2023-04-29 04:00:00,-0.01141811,-0.00046407708333333326,0.004471610456017992,0.0031301273192125938,0.006707415684026987,0.013414831368053975,0.0026660502358792607,-0.003594204402545927,0.006243338600693654,-0.007171492767360321,0.012950754284720641,-0.013878908451387308,1,0,0,0,0,0,0
2023-04-29 05:00:00,-0.01060107,-0.0011056766666666668,0.004778068679937236,0.0033446480759560648,0.007167103019905854,0.014334206039811708,0.0022389714092893977,-0.004450324742622732,0.006061426353239187,-0.00827277968657252,0.013228529373145042,-0.015439882706478374,1,0,0,0,0,0,0
2023-04-29 06:00:00,-0.01022766,-0.00173168375,0.0049521982943843005,0.00346653880606901,0.007428297441576451,0.014856594883152902,0.00173485505606901,-0.00519822255606901,0.005696613691576451,-0.00915998119157645,0.013124911133152901,-0.016588278633152903,1,0,0,0,0,0,0
2023-04-29 07:00:00,-0.00942058,-0.002328510833333333,0.004980858208921625,0.003486600746245137,0.007471287313382438,0.014942574626764876,0.001158089912911804,-0.00581511157957847,0.005142776480049105,-0.009799798146715772,0.012614063793431543,-0.017271085460098208,0,1,0,0,0,0,0
2023-04-29 08:00:00,-0.00594373,-0.0026339474999999995,0.004967868340983017,0.003477507838688112,0.007451802511474526,0.014903605022949053,0.0008435603386881124,-0.006111455338688111,0.004817855011474527,-0.010085750011474525,0.012269657522949054,-0.017537552522949054,0,0,1,0,0,0,0
2023-04-29 09:00:00,-0.00610474,-0.0030347195833333334,0.004836592182110912,0.0033856145274776383,0.007254888273166368,0.014509776546332736,0.00035089494414430487,-0.006420334110810971,0.004220168689833034,-0.010289607856499702,0.011475056962999403,-0.01754449612966607,0,0,1,0,0,0,0
2023-04-29 10:00:00,-0.00659049,-0.00345573125,0.004678985658652134,0.0032752899610564933,0.007018478487978201,0.014036956975956402,-0.00018044128894350664,-0.006731021211056494,0.003562747237978201,-0.010474209737978201,0.010581225725956402,-0.017492688225956402,0,0,1,0,0,0,0
2023-04-29 11:00:00,-0.00640744,-0.003864660833333333,0.004477677888041993,0.0031343745216293947,0.0067165168320629885,0.013433033664125977,-0.0007302863117039384,-0.006999035354962728,0.0028518559987296553,-0.010581177665396322,0.009568372830792643,-0.01729769449745931,0,0,1,0,0,0,0
2023-04-29 12:00:00,-0.00460216,-0.004120256666666666,0.004328828174872627,0.0030301797224108386,0.00649324226230894,0.01298648452461788,-0.0010900769442558278,-0.007150436389077505,0.0023729855956422735,-0.010613498928975607,0.008866227857951214,-0.017106741191284545,0,0,1,0,0,0,0
2023-04-29 13:00:00,-0.00443049,-0.0043626625,0.004166870832917625,0.0029168095830423373,0.006250306249376438,0.012500612498752875,-0.001445852916957663,-0.007279472083042337,0.0018876437493764373,-0.010612968749376438,0.008137949998752874,-0.016863274998752877,0,0,1,0,0,0,0
2023-04-29 14:00:00,-0.00462071,-0.004608304166666666,0.003990114838711247,0.0027930803870978723,0.00598517225806687,0.01197034451613374,-0.001815223779568794,-0.007401384553764538,0.001376868091400204,-0.010593476424733538,0.0073620403494670745,-0.016578648682800408,0,0,1,0,0,0,0
2023-04-29 15:00:00,-0.00478711,-0.00486648,0.0037786952073503143,0.00264508664514522,0.0056680428110254715,0.011336085622050943,-0.0022213933548547804,-0.00751156664514522,0.0008015628110254712,-0.010534522811025472,0.006469605622050943,-0.016202565622050944,0,0,0,0,1,0,0
2023-04-29 16:00:00,-0.0036869,-0.005053285833333333,0.003592816466932343,0.00251497152685264,0.005389224700398515,0.01077844940079703,-0.002538314306480693,-0.007568257360185973,0.00033593886706518184,-0.010442510533731849,0.005725163567463697,-0.015831735234130364,0,0,0,0,1,0,0
2023-04-29 17:00:00,-0.00295352,-0.005206822916666667,0.003408892463122687,0.0023862247241858807,0.005113338694684031,0.010226677389368062,-0.002820598192480786,-0.007593047640852548,-9.348422198263585e-05,-0.010320161611350697,0.005019854472701395,-0.015433500306034728,0,0,0,0,1,0,0
2023-04-29 18:00:00,-0.00408854,-0.005407277500000001,0.0031787573389424513,0.002225130137259716,0.004768136008413677,0.009536272016827354,-0.003182147362740285,-0.007632407637259716,-0.0006391414915863239,-0.010175413508413677,0.004128994516827353,-0.014943549516827356,0,0,0,0,1,0,0
2023-04-29 19:00:00,-0.00458938,-0.0056172175000000005,0.0029319568005155175,0.002052369760360862,0.004397935200773276,0.008795870401546552,-0.0035648477396391385,-0.0076695872603608625,-0.0012192822992267245,-0.010015152700773276,0.0031786529015465515,-0.014413087901546552,0,0,0,0,1,0,0
2023-04-29 20:00:00,-0.00355611,-0.00575690625,0.0027361422228335177,0.0019152995559834623,0.0041042133342502765,0.008208426668500553,-0.003841606694016538,-0.007672205805983462,-0.0016526929157497233,-0.009861119584250276,0.0024515204185005532,-0.013965332918500554,0,0,0,0,0,1,0
2023-04-29 21:00:00,-0.00385542,-0.00586484125,0.0025988923848461816,0.001819224669392327,0.0038983385772692726,0.007796677154538545,-0.004045616580607673,-0.0076840659193923265,-0.001966502672730727,-0.009763179827269272,0.0019318359045385454,-0.013661518404538546,0,0,0,0,0,1,0
2023-04-29 22:00:00,-0.00412259,-0.005948684166666666,0.0025031993109131075,0.001752239517639175,0.0037547989663696615,0.007509597932739323,-0.00419644464902749,-0.007700923684305841,-0.0021938852002970043,-0.009703483133036327,0.0015609137660726573,-0.013458282099405989,0,0,0,0,0,1,0
2023-04-29 23:00:00,-0.00421576,-0.006014769166666667,0.0024316825964571073,0.0017021778175199751,0.0036475238946856612,0.0072950477893713225,-0.004312591349146692,-0.0077169469841866425,-0.002367245271981006,-0.009662293061352328,0.0012802786227046553,-0.01330981695603799,0,0,0,0,0,1,0
2023-04-30 00:00:00,0.00122991,-0.005723980833333334,0.0028467082861345595,0.0019926958002941916,0.004270062429201839,0.008540124858403678,-0.003731285033039142,-0.007716676633627526,-0.001453918404131495,-0.009994043262535172,0.002816144025070344,-0.01426410569173701,0,0,0,0,0,0,1
2023-04-30 01:00:00,0.00118404,-0.005422681250000001,0.0031747904040059075,0.002222353282804135,0.0047621856060088615,0.009524371212017723,-0.003200327967195866,-0.007645034532804136,-0.0006604956439911396,-0.010184866856008862,0.004101689962017722,-0.014947052462017725,0,0,0,0,0,0,1
2023-04-30 02:00:00,0.0010009,-0.005062841249999999,0.003394900395871686,0.00237643027711018,0.005092350593807529,0.010184701187615058,-0.0026864109728898192,-0.007439271527110179,2.95093438075298e-05,-0.010155191843807528,0.005121859937615059,-0.015247542437615058,0,0,0,0,0,0,1
2023-04-30 03:00:00,0.00135637,-0.00464380375,0.0035437777401595883,0.0024806444181117117,0.005315666610239383,0.010631333220478765,-0.002163159331888288,-0.007124448168111711,0.0006718628602393828,-0.009959470360239382,0.0059875294704787654,-0.015275136970478765,0,0,0,0,0,0,1
2023-04-30 04:00:00,0.00443465,-0.003983272083333334,0.0037001653475745074,0.002590115743302155,0.005550248021361761,0.011100496042723522,-0.0013931563400311786,-0.006573387826635489,0.0015669759380284275,-0.009533520104695095,0.007117223959390189,-0.015083768126056857,0,0,0,0,0,0,1
2023-04-30 05:00:00,0.0045118,-0.003353569166666667,0.003809327938574995,0.002666529557002496,0.0057139919078624925,0.011427983815724985,-0.0006870396096641707,-0.0060200987236691626,0.0023604227411958257,-0.009067561074529159,0.008074414649058318,-0.014781552982391652,0,0,0,0,0,0,1
2023-04-30 06:00:00,0.00447648,-0.0027408966666666664,0.003838026258244081,0.0026866183807708567,0.005757039387366122,0.011514078774732244,-5.427828589580968e-05,-0.0054275150474375235,0.0030161427206994557,-0.008497936054032788,0.008773182108065578,-0.01425497544139891,0,0,0,0,0,0,1
2023-04-30 07:00:00,0.00493547,-0.0021427279166666667,0.003870295703456154,0.002709206992419308,0.0058054435551842315,0.011610887110368463,0.0005664790757526411,-0.0048519349090859745,0.0036627156385175648,-0.007948171471850899,0.009468159193701796,-0.01375361502703513,0,0,0,0,0,0,1
2023-04-30 08:00:00,0.00628161,-0.00163333875,0.0041431753202117155,0.0029002227241482006,0.006214762980317573,0.012429525960635146,0.0012668839741482006,-0.004533561474148201,0.004581424230317573,-0.007848101730317573,0.010796187210635147,-0.014062864710635146,0,0,0,0,0,0,1
2023-04-30 09:00:00,0.00632146,-0.0011155804166666668,0.004332221868415573,0.003032555307890901,0.006498332802623359,0.012996665605246718,0.001916974891224234,-0.004148135724557567,0.005382752385956692,-0.007613913219290026,0.011881085188580052,-0.014112246021913384,0,0,0,0,0,0,1
2023-04-30 10:00:00,0.00639415,-0.0005745537499999999,0.004428483619083857,0.0030999385333586997,0.0066427254286257845,0.013285450857251569,0.0025253847833587,-0.0036744922833586995,0.006068171678625785,-0.007217279178625784,0.01271089710725157,-0.013860004607251569,0,0,0,0,0,0,1
2023-04-30 11:00:00,0.00648904,-3.720041666666656e-05,0.0044721630450108504,0.0031305141315075952,0.006708244567516276,0.013416489135032551,0.0030933137148409285,-0.003167714548174262,0.006671044150849609,-0.006745444984182942,0.013379288718365885,-0.013453689551699217,0,0,0,0,0,1,0
2023-04-30 12:00:00,0.00809116,0.0004916879166666668,0.004655635253591802,0.0032589446775142614,0.006983452880387703,0.013966905760775406,0.0037506325941809283,-0.0027672567608475946,0.00747514079705437,-0.006491764963721036,0.014458593677442073,-0.013475217844108739,0,0,0,0,0,0,1
2023-04-30 13:00:00,0.00794929,0.0010075120833333334,0.004770952939271951,0.0033396670574903655,0.007156429408907927,0.014312858817815854,0.004347179140823699,-0.0023321549741570323,0.00816394149224126,-0.006148917325574594,0.015320370901149188,-0.01330534673448252,0,0,0,0,0,1,0
2023-04-30 14:00:00,0.00770423,0.00152105125,0.004802017793460973,0.0033614124554226807,0.007203026690191459,0.014406053380382918,0.00488246370542268,-0.0018403612054226808,0.00872407794019146,-0.005681975440191459,0.015927104630382917,-0.012885002130382918,0,0,0,0,0,1,0
2023-04-30 15:00:00,0.00799407,0.002053600416666667,0.004780695278996726,0.003346486695297708,0.007171042918495088,0.014342085836990176,0.005400087111964375,-0.001292886278631041,0.009224643335161755,-0.005117442501828421,0.01639568625365684,-0.012288485420323509,0,0,0,0,0,1,0
2023-04-30 16:00:00,0.00671575,0.002487044166666667,0.004708638772843988,0.0032960471409907914,0.007062958159265982,0.014125916318531963,0.005783091307657458,-0.0008090029743241245,0.009550002325932649,-0.004575913992599314,0.01661296048519863,-0.011638872151865296,0,0,0,0,0,1,0
2023-04-30 17:00:00,0.00672832,0.0028904541666666668,0.004636445182091386,0.0032455116274639696,0.006954667773137078,0.013909335546274156,0.006135965794130636,-0.00035505746079730286,0.009845121939803745,-0.004064213606470411,0.016799789712940823,-0.011018881379607489,0,0,0,0,0,1,0
2023-04-30 18:00:00,0.00676332,0.003342615,0.004451713370368959,0.003116199359258271,0.0066775700555534384,0.013355140111106877,0.006458814359258271,0.00022641564074172898,0.010020185055553438,-0.0033349550555534383,0.016697755111106875,-0.010012525111106877,0,0,0,0,0,1,0
2023-04-30 19:00:00,0.00682497,0.003818212916666667,0.004168149965069459,0.0029177049755486207,0.0062522249476041885,0.012504449895208377,0.006735917892215288,0.0009005079411180464,0.010070437864270856,-0.0024340120309375214,0.016322662811875045,-0.00868623697854171,0,0,0,0,0,1,0
2023-04-30 20:00:00,0.00335943,0.004106360416666667,0.0038641442764005282,0.0027049009934803697,0.005796216414600793,0.011592432829201586,0.006811261410147037,0.0014014594231862975,0.00990257683126746,-0.0016898559979341256,0.015698793245868252,-0.007486072412534918,0,0,1,0,0,0,0
2023-04-30 21:00:00,0.00339379,0.0044084108333333335,0.0034788506037744557,0.002435195422642119,0.005218275905661683,0.010436551811323367,0.006843606255975453,0.0019732154106912145,0.009626686738995017,-0.0008098650723283498,0.0148449626446567,-0.006028140977990033,0,0,1,0,0,0,0
2023-04-30 22:00:00,0.00342373,0.004722840833333334,0.0029794518518723155,0.0020856162963106208,0.004469177777808473,0.008938355555616947,0.006808457129643954,0.002637224537022713,0.009192018611141807,0.0002536630555248602,0.01366119638895028,-0.004215514722283613,0,0,1,0,0,0,0
2023-04-30 23:00:00,0.00327736,0.005035054166666666,0.002322156463804837,0.001625509524663386,0.0034832346957072557,0.006966469391414511,0.006660563691330052,0.0034095446420032804,0.008518288862373921,0.0015518194709594106,0.012001523558081179,-0.001931415224747845,0,1,0,0,0,0,0
