datetime,sigai_output,signal
2023-04-18 12:00:00,0.00538623,MSS
2023-04-18 13:00:00,0.0056004,MSS
2023-04-18 14:00:00,0.00581907,MSS
2023-04-18 16:00:00,0.00680801,MSS
2023-04-18 20:00:00,0.0087089,WSS
2023-04-18 21:00:00,0.00885133,WSS
2023-04-20 14:00:00,0.00153501,MSS
2023-04-20 15:00:00,0.00148044,MSS
2023-04-20 16:00:00,0.00532389,MSS
2023-04-20 17:00:00,0.00553591,MSS
2023-04-20 18:00:00,0.00581346,MSS
2023-04-20 19:00:00,0.00613143,MSS
2023-04-20 20:00:00,0.00919843,WSS
2023-04-20 21:00:00,0.00919257,WSS
2023-04-20 22:00:00,0.00902368,WSS
2023-04-20 23:00:00,0.0087548,WSS
2023-04-21 16:00:00,0.01139145,WSS
2023-04-21 17:00:00,0.01139505,WSS
2023-04-21 18:00:00,0.01139621,WSS
2023-04-21 19:00:00,0.01139073,WSS
2023-04-21 20:00:00,0.01139012,WSS
2023-04-21 21:00:00,0.01139014,WSS
2023-04-24 13:00:00,0.00319419,MSS
2023-04-24 16:00:00,0.00762498,WSS
2023-04-24 17:00:00,0.0077652,WSS
2023-04-24 18:00:00,0.00782604,WSS
2023-04-24 19:00:00,0.00784463,WSS
2023-04-26 16:00:00,0.01060533,WSS
2023-04-26 17:00:00,0.01060478,WSS
2023-04-26 18:00:00,0.01060416,WSS
2023-04-26 19:00:00,0.01059804,WSS
2023-04-26 20:00:00,0.01054656,WSS
2023-04-26 21:00:00,0.01052685,WSS
2023-04-28 00:00:00,0.00667683,MSS
2023-04-30 00:00:00,0.00122991,MSS
2023-04-30 01:00:00,0.00118404,MSS
2023-04-30 02:00:00,0.0010009,MSS
2023-04-30 03:00:00,0.00135637,MSS
2023-04-30 04:00:00,0.00443465,MSS
2023-04-30 05:00:00,0.0045118,MSS
2023-04-30 06:00:00,0.00447648,MSS
2023-04-30 07:00:00,0.00493547,MSS
2023-04-30 08:00:00,0.00628161,MSS
2023-04-30 09:00:00,0.00632146,MSS
2023-04-30 10:00:00,0.00639415,MSS
2023-04-30 12:00:00,0.00809116,WSS
2023-05-02 15:00:00,0.00628824,MSS
2023-05-03 12:00:00,0.00773612,WSS
2023-05-03 13:00:00,0.00818709,WSS
2023-05-03 14:00:00,0.0080465,WSS
2023-05-03 15:00:00,0.0080118,WSS
2023-05-04 00:00:00,0.01208545,WSS
2023-05-04 01:00:00,0.01208547,WSS
2023-05-04 02:00:00,0.01207854,WSS
2023-05-04 03:00:00,0.01207843,WSS
2023-05-09 20:00:00,0.00490366,MSS
2023-05-09 21:00:00,0.0046328,MSS
2023-05-09 22:00:00,0.00458415,MSS
2023-05-09 23:00:00,0.0043838,MSS
2023-05-13 21:00:00,0.00538911,MSS
2023-05-13 22:00:00,0.00502587,MSS
2023-05-16 00:00:00,0.01182278,WSS
2023-05-16 01:00:00,0.01159126,WSS
2023-05-16 02:00:00,0.01141462,WSS
2023-05-16 03:00:00,0.01111072,WSS
2023-05-18 00:00:00,0.00914267,WSS
2023-05-18 01:00:00,0.00938807,WSS
2023-05-19 08:00:00,0.00844098,WSS
2023-05-19 09:00:00,0.00813664,WSS
2023-05-19 10:00:00,0.00792838,WSS
2023-05-21 20:00:00,0.00411535,MSS
2023-05-21 21:00:00,0.00402922,MSS
2023-05-22 00:00:00,0.00914684,WSS
2023-05-22 01:00:00,0.00913289,WSS
2023-05-22 02:00:00,0.0091696,WSS
2023-05-22 03:00:00,0.00932201,WSS
2023-05-22 04:00:00,0.00948492,WSS
2023-05-22 05:00:00,0.0092873,WSS
2023-05-23 04:00:00,0.00975577,WSS
2023-05-23 05:00:00,0.01034891,WSS
2023-05-23 06:00:00,0.01091485,WSS
2023-05-23 07:00:00,0.01148708,WSS
2023-05-23 08:00:00,0.01541149,WSS
2023-05-23 09:00:00,0.01547317,WSS
2023-05-23 10:00:00,0.01580135,WSS
2023-05-23 11:00:00,0.01665537,WSS
2023-05-23 12:00:00,0.01647397,WSS
2023-05-23 13:00:00,0.01593212,WSS
2023-05-26 12:00:00,0.00608833,MSS
2023-05-26 13:00:00,0.00610327,MSS
2023-05-26 14:00:00,0.00611061,MSS
2023-05-26 16:00:00,0.00748067,WSS
2023-05-26 17:00:00,0.00656722,MSS
2023-05-26 18:00:00,0.00701241,WSS
2023-05-26 19:00:00,0.00700866,WSS
2023-05-27 16:00:00,0.00669181,MSS
2023-05-27 17:00:00,0.00738568,WSS
2023-05-27 18:00:00,0.00761714,WSS
2023-05-27 19:00:00,0.00780976,WSS
2023-05-27 20:00:00,0.009368,WSS
2023-05-27 21:00:00,0.00914825,WSS
2023-05-27 22:00:00,0.00884492,WSS
2023-05-28 23:00:00,0.01048274,WSS
2023-05-29 00:00:00,0.01596643,WSS
2023-05-29 01:00:00,0.01609288,WSS
2023-05-29 02:00:00,0.01612001,WSS
2023-05-29 03:00:00,0.01603386,WSS
2023-05-29 04:00:00,0.01604437,WSS
2023-05-30 07:00:00,0.01075658,WSS
2023-05-31 04:00:00,0.01116544,WSS
2023-05-31 05:00:00,0.01079836,WSS
2023-06-01 20:00:00,0.00841237,WSS
2023-06-02 08:00:00,0.00958973,WSS
2023-06-02 09:00:00,0.00940512,WSS
2023-06-03 00:00:00,0.01143088,WSS
2023-06-03 01:00:00,0.01130382,WSS
2023-06-03 02:00:00,0.01175875,WSS
2023-06-03 03:00:00,0.01155262,WSS
2023-06-04 08:00:00,0.00854185,WSS
2023-06-04 09:00:00,0.00844736,WSS
2023-06-04 10:00:00,0.00856788,WSS
2023-06-04 11:00:00,0.00888099,WSS
2023-06-04 12:00:00,0.01135892,WSS
2023-06-04 13:00:00,0.0115792,WSS
2023-06-04 14:00:00,0.01186465,WSS
2023-06-04 15:00:00,0.01213396,WSS
2023-06-04 16:00:00,0.01174058,WSS
2023-06-06 18:00:00,0.00409583,MSS
2023-06-06 19:00:00,0.00427637,MSS
2023-06-06 20:00:00,0.00745068,WSS
2023-06-06 21:00:00,0.00819763,WSS
2023-06-06 22:00:00,0.00879776,WSS
2023-06-06 23:00:00,0.0093342,WSS
2023-06-07 00:00:00,0.01527704,WSS
2023-06-07 01:00:00,0.01564243,WSS
2023-06-07 02:00:00,0.01612828,WSS
2023-06-07 03:00:00,0.01643531,WSS
2023-06-07 04:00:00,0.01609302,WSS
2023-06-08 22:00:00,0.00862121,WSS
2023-06-08 23:00:00,0.00828776,WSS
2023-06-09 16:00:00,0.01105329,WSS
2023-06-09 17:00:00,0.01155106,WSS
2023-06-09 18:00:00,0.01221728,WSS
2023-06-09 19:00:00,0.01293377,WSS
2023-06-09 20:00:00,0.01400799,WSS
2023-06-09 21:00:00,0.01395956,WSS
2023-06-09 22:00:00,0.01378004,WSS
2023-06-11 13:00:00,0.00456978,MSS
2023-06-11 14:00:00,0.00475078,MSS
2023-06-11 15:00:00,0.00470655,MSS
2023-06-11 20:00:00,0.00530196,MSS
2023-06-11 21:00:00,0.00533161,MSS
2023-06-12 00:00:00,0.00763368,WSS
2023-06-12 01:00:00,0.0075928,WSS
2023-06-12 02:00:00,0.00772234,WSS
2023-06-12 03:00:00,0.00780727,WSS
2023-06-12 04:00:00,0.00763126,WSS
2023-06-12 20:00:00,0.00896217,WSS
2023-06-12 21:00:00,0.00953179,WSS
2023-06-12 22:00:00,0.01006489,WSS
2023-06-12 23:00:00,0.01042686,WSS
2023-06-13 00:00:00,0.01078725,WSS
2023-06-13 01:00:00,0.01095976,WSS
2023-06-13 02:00:00,0.01140418,WSS
2023-06-13 03:00:00,0.01209756,WSS
2023-06-13 04:00:00,0.01235525,WSS
2023-06-15 09:00:00,0.01143298,WSS
2023-06-15 10:00:00,0.01533748,WSS
2023-06-15 11:00:00,0.01508029,WSS
2023-06-15 12:00:00,0.01596304,WSS
2023-06-15 13:00:00,0.01493924,WSS
2023-06-16 16:00:00,0.01277388,WSS
2023-06-16 17:00:00,0.01280672,WSS
2023-06-16 18:00:00,0.01434798,WSS
2023-06-16 19:00:00,0.01539662,WSS
2023-06-16 20:00:00,0.01589537,WSS
2023-06-16 21:00:00,0.01628807,WSS
2023-06-16 22:00:00,0.01631552,WSS
2023-06-16 23:00:00,0.01645298,WSS
2023-06-17 00:00:00,0.01740268,WSS
2023-06-19 00:00:00,0.01205595,WSS
2023-06-19 01:00:00,0.01202079,WSS
2023-06-20 02:00:00,0.01130613,WSS
2023-06-20 03:00:00,0.0117888,WSS
2023-06-20 04:00:00,0.01195895,WSS
2023-06-20 05:00:00,0.01182541,WSS
2023-06-21 08:00:00,0.02096771,WSS
2023-06-21 09:00:00,0.02084751,WSS
2023-06-21 10:00:00,0.02025673,WSS
2023-06-21 11:00:00,0.0197335,WSS
2023-06-21 12:00:00,0.01947639,WSS
2023-06-22 00:00:00,0.02253097,WSS
2023-06-22 01:00:00,0.02222831,WSS
2023-06-23 08:00:00,0.01083757,WSS
2023-06-23 09:00:00,0.01153543,WSS
2023-06-23 10:00:00,0.01169035,WSS
2023-06-23 11:00:00,0.01162628,WSS
2023-06-23 12:00:00,0.01142501,WSS
2023-06-23 13:00:00,0.0112362,WSS
2023-06-25 00:00:00,0.01035199,WSS
2023-06-25 04:00:00,0.01143324,WSS
2023-06-25 05:00:00,0.01161219,WSS
2023-06-27 12:00:00,0.01157719,WSS
2023-06-27 13:00:00,0.01156453,WSS
2023-06-27 14:00:00,0.01163883,WSS
2023-06-27 15:00:00,0.01165788,WSS
2023-06-29 08:00:00,0.00832956,WSS
2023-06-29 09:00:00,0.00855823,WSS
2023-06-29 10:00:00,0.00907662,WSS
2023-06-29 11:00:00,0.00986946,WSS
2023-06-29 12:00:00,0.01212144,WSS
2023-06-29 13:00:00,0.01249858,WSS
2023-06-29 14:00:00,0.01266025,WSS
2023-06-29 15:00:00,0.01244748,WSS
2023-06-29 16:00:00,0.01270893,WSS
2023-06-29 17:00:00,0.01297536,WSS
2023-06-29 18:00:00,0.01298674,WSS
2023-07-02 06:00:00,0.01117876,WSS
2023-07-02 07:00:00,0.01124692,WSS
2023-07-02 16:00:00,0.01160561,WSS
2023-07-02 17:00:00,0.01147961,WSS
2023-07-03 08:00:00,0.01301781,WSS
2023-07-03 09:00:00,0.01287683,WSS
2023-07-03 10:00:00,0.01292802,WSS
2023-07-03 11:00:00,0.01313887,WSS
2023-07-03 12:00:00,0.01321992,WSS
2023-07-03 13:00:00,0.01337475,WSS
2023-07-03 14:00:00,0.01330318,WSS
2023-07-06 09:00:00,0.00894531,WSS
2023-07-06 10:00:00,0.00938947,WSS
2023-07-06 11:00:00,0.00945181,WSS
2023-07-06 12:00:00,0.00941131,WSS
2023-07-07 18:00:00,0.00062024,MSS
2023-07-07 19:00:00,0.00048161,MSS
2023-07-08 08:00:00,0.00608879,MSS
2023-07-08 09:00:00,0.00619934,MSS
2023-07-08 10:00:00,0.0062711,MSS
2023-07-08 11:00:00,0.00636738,MSS
2023-07-08 12:00:00,0.00747958,WSS
2023-07-08 13:00:00,0.00738485,WSS
2023-07-08 14:00:00,0.00713956,WSS
2023-07-10 15:00:00,0.00515751,MSS
2023-07-10 16:00:00,0.0074135,WSS
2023-07-10 17:00:00,0.00779897,WSS
2023-07-10 18:00:00,0.00727378,WSS
2023-07-10 19:00:00,0.00824123,WSS
2023-07-10 20:00:00,0.00995165,WSS
2023-07-10 21:00:00,0.01096211,WSS
2023-07-10 22:00:00,0.01113798,WSS
2023-07-10 23:00:00,0.01121034,WSS
2023-07-13 16:00:00,0.00881956,WSS
2023-07-13 17:00:00,0.00930197,WSS
2023-07-13 18:00:00,0.01012965,WSS
2023-07-13 19:00:00,0.01075776,WSS
2023-07-13 20:00:00,0.01133399,WSS
2023-07-13 21:00:00,0.01181781,WSS
2023-07-13 22:00:00,0.01215729,WSS
2023-07-13 23:00:00,0.01256424,WSS
2023-07-14 00:00:00,0.0144364,WSS
2023-07-14 01:00:00,0.01492827,WSS
2023-07-14 02:00:00,0.01490932,WSS
2023-07-16 00:00:00,0.00410437,MSS
2023-07-16 01:00:00,0.00395669,MSS
2023-07-17 16:00:00,0.00339061,MSS
2023-07-18 09:00:00,0.00565381,MSS
2023-07-18 12:00:00,0.00715853,WSS
2023-07-18 13:00:00,0.00737438,WSS
2023-07-18 14:00:00,0.00719764,WSS
2023-07-19 13:00:00,0.007384,WSS
2023-07-19 14:00:00,0.00788364,WSS
2023-07-19 15:00:00,0.00808128,WSS
2023-07-20 10:00:00,0.00846947,WSS
2023-07-20 11:00:00,0.00864969,WSS
2023-07-20 12:00:00,0.00984432,WSS
2023-07-20 13:00:00,0.00962871,WSS
2023-07-21 20:00:00,0.00702305,WSS
2023-07-21 21:00:00,0.00700278,MSS
2023-07-23 08:00:00,0.00069123,MSS
2023-07-23 09:00:00,0.00066984,MSS
2023-07-23 12:00:00,0.00229123,MSS
2023-07-23 13:00:00,0.00229123,MSS
2023-07-23 14:00:00,0.00229215,MSS
2023-07-23 16:00:00,0.00762167,WSS
2023-07-23 17:00:00,0.00766158,WSS
2023-07-23 18:00:00,0.00766204,WSS
2023-07-23 19:00:00,0.00767913,WSS
2023-07-23 20:00:00,0.00842874,WSS
2023-07-23 21:00:00,0.00803819,WSS
2023-07-25 16:00:00,0.00728164,WSS
2023-07-30 04:00:00,0.00491107,MSS
2023-07-30 05:00:00,0.00502426,MSS
2023-07-30 06:00:00,0.00505387,MSS
2023-07-30 08:00:00,0.00533616,MSS
2023-07-30 09:00:00,0.00563036,MSS
2023-07-30 10:00:00,0.00567497,MSS
2023-07-30 11:00:00,0.00580842,MSS
2023-07-31 08:00:00,0.0107516,WSS
2023-07-31 09:00:00,0.01079298,WSS
2023-07-31 10:00:00,0.01079056,WSS
2023-07-31 11:00:00,0.01071469,WSS
2023-07-31 12:00:00,0.01278289,WSS
2023-07-31 13:00:00,0.01276456,WSS
2023-07-31 14:00:00,0.0125333,WSS
2023-08-01 17:00:00,0.00785299,WSS
2023-08-01 18:00:00,0.0083511,WSS
2023-08-01 19:00:00,0.0090787,WSS
2023-08-01 20:00:00,0.01218971,WSS
2023-08-01 21:00:00,0.01248322,WSS
2023-08-01 22:00:00,0.01260637,WSS
2023-08-01 23:00:00,0.0125977,WSS
2023-08-02 00:00:00,0.01336677,WSS
2023-08-02 01:00:00,0.01371407,WSS
2023-08-03 13:00:00,0.01467654,WSS
2023-08-03 14:00:00,0.01479718,WSS
2023-08-03 15:00:00,0.01500616,WSS
2023-08-03 16:00:00,0.01629289,WSS
2023-08-03 17:00:00,0.01609862,WSS
2023-08-03 18:00:00,0.01677834,WSS
2023-08-03 19:00:00,0.01762392,WSS
2023-08-03 20:00:00,0.01732996,WSS
2023-08-05 08:00:00,0.01367973,WSS
2023-08-05 09:00:00,0.01410967,WSS
2023-08-05 10:00:00,0.01425802,WSS
2023-08-05 11:00:00,0.01438475,WSS
2023-08-05 12:00:00,0.01470281,WSS
2023-08-05 13:00:00,0.01482608,WSS
2023-08-05 14:00:00,0.01494049,WSS
2023-08-06 15:00:00,0.01148889,WSS
2023-08-06 16:00:00,0.01642392,WSS
2023-08-06 17:00:00,0.01669863,WSS
2023-08-06 18:00:00,0.01717189,WSS
2023-08-06 19:00:00,0.01722655,WSS
2023-08-06 20:00:00,0.01740204,WSS
2023-08-06 21:00:00,0.01784039,WSS
2023-08-06 22:00:00,0.01809981,WSS
2023-08-06 23:00:00,0.01812424,WSS
2023-08-07 16:00:00,0.01884696,WSS
2023-08-07 17:00:00,0.01904491,WSS
2023-08-10 08:00:00,0.01733966,WSS
2023-08-10 09:00:00,0.01732486,WSS
2023-08-10 10:00:00,0.01723662,WSS
2023-08-10 11:00:00,0.01737674,WSS
2023-08-10 12:00:00,0.01722264,WSS
2023-08-10 13:00:00,0.01718198,WSS
2023-08-12 15:00:00,0.01004734,WSS
2023-08-12 16:00:00,0.01006892,WSS
2023-08-14 00:00:00,0.01099168,WSS
2023-08-14 01:00:00,0.01138012,WSS
2023-08-14 02:00:00,0.01146897,WSS
2023-08-14 03:00:00,0.01136504,WSS
2023-08-14 04:00:00,0.01279664,WSS
2023-08-14 05:00:00,0.01300469,WSS
2023-08-14 06:00:00,0.01316411,WSS
2023-08-14 07:00:00,0.01298181,WSS
2023-08-14 16:00:00,0.01476555,WSS
2023-08-14 17:00:00,0.01514576,WSS
2023-08-14 18:00:00,0.01542491,WSS
2023-08-14 19:00:00,0.01561581,WSS
2023-08-14 20:00:00,0.01589142,WSS
2023-08-14 21:00:00,0.0161486,WSS
2023-08-14 22:00:00,0.01600099,WSS
2023-08-15 08:00:00,0.01823167,WSS
2023-08-15 09:00:00,0.01843717,WSS
2023-08-15 10:00:00,0.01843301,WSS
2023-08-21 00:00:00,-0.00125051,MSS
2023-08-21 04:00:00,0.00101495,MSS
2023-08-21 05:00:00,0.00107292,MSS
2023-08-21 06:00:00,0.0013897,MSS
2023-08-21 07:00:00,0.0015967,MSS
2023-08-21 08:00:00,0.00225941,MSS
2023-08-21 09:00:00,0.00253097,MSS
2023-08-22 08:00:00,0.00425053,MSS
2023-08-22 11:00:00,0.00511291,MSS
2023-08-23 10:00:00,0.00614195,MSS
2023-08-24 20:00:00,0.00847475,WSS
2023-08-24 21:00:00,0.00820117,WSS
2023-08-29 00:00:00,0.00368748,MSS
2023-08-29 01:00:00,0.00361483,MSS
2023-08-29 12:00:00,0.00439834,MSS
2023-08-29 13:00:00,0.00464467,MSS
2023-08-30 08:00:00,0.00778477,WSS
2023-08-30 09:00:00,0.00777904,WSS
2023-09-02 00:00:00,0.0091031,WSS
2023-09-03 20:00:00,0.00572683,MSS
2023-09-03 21:00:00,0.00574335,MSS
2023-09-03 22:00:00,0.00540589,MSS
2023-09-05 17:00:00,0.00657483,MSS
2023-09-05 18:00:00,0.00665728,MSS
2023-09-05 19:00:00,0.00676474,MSS
2023-09-05 20:00:00,0.00715734,WSS
2023-09-07 00:00:00,0.00570715,MSS
2023-09-07 01:00:00,0.00597335,MSS
2023-09-07 02:00:00,0.00590171,MSS
2023-09-07 16:00:00,0.00854058,WSS
2023-09-07 17:00:00,0.00780645,WSS
2023-09-10 17:00:00,0.00448894,MSS
2023-09-10 18:00:00,0.0052736,MSS
2023-09-10 19:00:00,0.00561667,MSS
2023-09-12 12:00:00,0.00670652,MSS
2023-09-12 13:00:00,0.00653574,MSS
2023-09-12 14:00:00,0.00566136,MSS
2023-09-14 08:00:00,0.00701513,WSS
2023-09-14 09:00:00,0.00691015,MSS
2023-09-14 10:00:00,0.0067015,MSS
2023-09-14 11:00:00,0.00657259,MSS
2023-09-14 12:00:00,0.00760579,WSS
2023-09-14 13:00:00,0.00759327,WSS
2023-09-15 15:00:00,0.00257661,MSS
2023-09-15 16:00:00,0.00780863,WSS
2023-09-15 17:00:00,0.00745051,WSS
2023-09-15 18:00:00,0.00689205,MSS
2023-09-15 19:00:00,0.00628355,MSS
2023-09-18 12:00:00,0.00354675,MSS
2023-09-19 16:00:00,0.00141097,MSS
2023-09-19 17:00:00,0.00263238,MSS
2023-09-19 18:00:00,0.00287933,MSS
2023-09-19 19:00:00,0.00321989,MSS
2023-09-19 20:00:00,0.00259808,MSS
2023-09-19 21:00:00,0.00236537,MSS
2023-09-20 20:00:00,0.00299801,MSS
2023-09-20 21:00:00,0.00347426,MSS
2023-09-20 22:00:00,0.00363925,MSS
2023-09-20 23:00:00,0.00345306,MSS
2023-09-21 08:00:00,0.00448403,MSS
2023-09-22 16:00:00,0.00256967,MSS
2023-09-22 17:00:00,0.00395238,MSS
2023-09-22 18:00:00,0.00406699,MSS
2023-09-22 19:00:00,0.00421504,MSS
2023-09-22 20:00:00,0.00614802,MSS
2023-09-22 21:00:00,0.00639701,MSS
2023-09-22 22:00:00,0.00664972,MSS
2023-09-22 23:00:00,0.00654536,MSS
2023-09-26 12:00:00,0.00640108,MSS
2023-09-26 13:00:00,0.00663713,MSS
2023-09-26 14:00:00,0.00694011,MSS
2023-09-26 15:00:00,0.00718554,WSS
2023-09-26 22:00:00,0.0074178,WSS
2023-09-27 00:00:00,0.0089699,WSS
2023-09-27 01:00:00,0.00892902,WSS
2023-09-27 02:00:00,0.00887775,WSS
2023-09-27 09:00:00,0.00991361,WSS
2023-09-27 15:00:00,0.01108763,WSS
2023-09-27 16:00:00,0.01191448,WSS
2023-09-27 17:00:00,0.01221794,WSS
2023-09-27 18:00:00,0.01264894,WSS
2023-09-27 19:00:00,0.0130004,WSS
2023-09-27 20:00:00,0.01283953,WSS
2023-09-29 21:00:00,0.0078009,WSS
2023-09-29 22:00:00,0.00786283,WSS
2023-10-01 15:00:00,0.00402725,MSS
2023-10-01 16:00:00,0.00645373,MSS
2023-10-01 17:00:00,0.0067334,MSS
2023-10-01 18:00:00,0.00699875,MSS
2023-10-01 19:00:00,0.00745291,WSS
2023-10-01 20:00:00,0.00860406,WSS
2023-10-01 21:00:00,0.00859334,WSS
2023-10-01 22:00:00,0.00918045,WSS
2023-10-01 23:00:00,0.01017265,WSS
2023-10-02 00:00:00,0.01011925,WSS
2023-10-07 00:00:00,0.00620641,MSS
2023-10-07 01:00:00,0.00641142,MSS
2023-10-07 02:00:00,0.00673078,MSS
2023-10-07 03:00:00,0.00697813,MSS
2023-10-07 04:00:00,0.00861572,WSS
2023-10-07 05:00:00,0.00853432,WSS
2023-10-07 06:00:00,0.00826193,WSS
2023-10-08 09:00:00,0.00454303,MSS
2023-10-08 10:00:00,0.00461569,MSS
2023-10-08 11:00:00,0.004726,MSS
2023-10-09 07:00:00,0.00493956,MSS
2023-10-10 00:00:00,0.00510025,MSS
2023-10-10 01:00:00,0.00498285,MSS
2023-10-10 04:00:00,0.00553901,MSS
2023-10-11 16:00:00,0.00746197,WSS
2023-10-11 17:00:00,0.00854695,WSS
2023-10-11 18:00:00,0.00855901,WSS
2023-10-11 19:00:00,0.00868896,WSS
2023-10-11 20:00:00,0.01048635,WSS
2023-10-11 21:00:00,0.01034891,WSS
2023-10-11 22:00:00,0.01016768,WSS
2023-10-12 00:00:00,0.01196818,WSS
2023-10-12 01:00:00,0.01168153,WSS
2023-10-13 08:00:00,0.00994334,WSS
2023-10-13 09:00:00,0.01004856,WSS
2023-10-13 10:00:00,0.00999215,WSS
2023-10-14 08:00:00,0.01126302,WSS
2023-10-14 09:00:00,0.01148144,WSS
2023-10-14 10:00:00,0.01167471,WSS
2023-10-14 11:00:00,0.01172733,WSS
2023-10-14 12:00:00,0.01150471,WSS
2023-10-16 14:00:00,0.00703382,WSS
2023-10-16 15:00:00,0.00745315,WSS
2023-10-16 16:00:00,0.00959954,WSS
2023-10-16 17:00:00,0.00936365,WSS
2023-10-16 18:00:00,0.00902444,WSS
2023-10-16 20:00:00,0.01079175,WSS
2023-10-16 21:00:00,0.01031899,WSS
2023-10-18 15:00:00,0.00154918,MSS
2023-10-20 11:00:00,-0.00151705,MSS
2023-10-20 12:00:00,0.00016913,MSS
2023-10-20 13:00:00,0.00042813,MSS
2023-10-20 14:00:00,0.00077977,MSS
2023-10-20 15:00:00,0.00094196,MSS
2023-10-20 16:00:00,0.0073321,WSS
2023-10-20 17:00:00,0.00747425,WSS
2023-10-20 18:00:00,0.00742789,WSS
2023-10-20 19:00:00,0.00712552,WSS
2023-10-20 20:00:00,0.00758381,WSS
2023-10-22 04:00:00,0.00535654,MSS
2023-10-22 05:00:00,0.00567938,MSS
2023-10-22 06:00:00,0.00573109,MSS
2023-10-22 08:00:00,0.00636328,MSS
2023-10-22 09:00:00,0.00717174,WSS
2023-10-22 10:00:00,0.00743775,WSS
2023-10-22 16:00:00,0.00943078,WSS
2023-10-22 17:00:00,0.00953377,WSS
2023-10-22 18:00:00,0.00963233,WSS
2023-10-22 19:00:00,0.00996639,WSS
2023-10-23 00:00:00,0.01109021,WSS
2023-10-23 01:00:00,0.01168206,WSS
2023-10-23 02:00:00,0.01260987,WSS
2023-10-23 03:00:00,0.01346472,WSS
2023-10-23 04:00:00,0.01518344,WSS
2023-10-23 05:00:00,0.01608863,WSS
2023-10-23 06:00:00,0.01670541,WSS
2023-10-23 07:00:00,0.0167809,WSS
2023-10-23 08:00:00,0.01696872,WSS
2023-10-24 02:00:00,0.02339837,WSS
2023-10-24 03:00:00,0.02510185,WSS
2023-10-24 04:00:00,0.02635797,WSS
2023-10-24 05:00:00,0.02707336,WSS
2023-10-25 11:00:00,0.01356013,WSS
2023-10-25 12:00:00,0.01464727,WSS
2023-10-25 13:00:00,0.01488598,WSS
2023-10-25 14:00:00,0.01515824,WSS
2023-10-25 15:00:00,0.01561465,WSS
2023-10-26 04:00:00,0.01670783,WSS
2023-10-26 05:00:00,0.01703626,WSS
2023-10-26 06:00:00,0.01726287,WSS
2023-10-26 07:00:00,0.01778948,WSS
2023-10-26 08:00:00,0.01973946,WSS
2023-10-26 09:00:00,0.02058321,WSS
2023-10-26 10:00:00,0.02038719,WSS
2023-10-26 11:00:00,0.01982339,WSS
2023-10-27 13:00:00,0.01448403,WSS
2023-10-27 14:00:00,0.01463661,WSS
2023-10-27 15:00:00,0.01466314,WSS
2023-10-28 08:00:00,0.01625529,WSS
2023-10-28 09:00:00,0.01684022,WSS
2023-10-28 10:00:00,0.01658968,WSS
2023-10-29 00:00:00,0.02287909,WSS
2023-10-29 01:00:00,0.02144064,WSS
2023-10-29 16:00:00,0.02561195,WSS
2023-10-29 17:00:00,0.02622222,WSS
2023-10-29 18:00:00,0.02664017,WSS
2023-10-29 19:00:00,0.02687707,WSS
2023-10-29 20:00:00,0.02932709,WSS
2023-10-29 21:00:00,0.02875712,WSS
2023-10-29 22:00:00,0.02845748,WSS
2023-10-29 23:00:00,0.02862241,WSS
2023-11-01 00:00:00,0.01546951,WSS
2023-11-01 01:00:00,0.01423514,WSS
2023-11-01 02:00:00,0.01448009,WSS
2023-11-01 03:00:00,0.01416371,WSS
2023-11-01 04:00:00,0.01678272,WSS
2023-11-01 05:00:00,0.0164424,WSS
2023-11-01 06:00:00,0.01581528,WSS
2023-11-01 18:00:00,0.01731634,WSS
2023-11-01 19:00:00,0.01856706,WSS
2023-11-01 20:00:00,0.01929267,WSS
2023-11-01 21:00:00,0.02111657,WSS
2023-11-01 22:00:00,0.02201068,WSS
2023-11-01 23:00:00,0.0221919,WSS
2023-11-02 00:00:00,0.02207687,WSS
2023-11-02 01:00:00,0.02282868,WSS
2023-11-02 02:00:00,0.02411637,WSS
2023-11-02 03:00:00,0.0259092,WSS
2023-11-02 04:00:00,0.03191273,WSS
2023-11-02 05:00:00,0.03098223,WSS
2023-11-02 06:00:00,0.03026722,WSS
2023-11-02 07:00:00,0.03009478,WSS
2023-11-05 08:00:00,0.01903821,WSS
2023-11-05 09:00:00,0.01891648,WSS
2023-11-05 10:00:00,0.01864838,WSS
2023-11-05 11:00:00,0.01836429,WSS
2023-11-05 12:00:00,0.01781568,WSS
2023-11-06 00:00:00,0.02262812,WSS
2023-11-06 01:00:00,0.02251731,WSS
2023-11-08 00:00:00,0.01185792,WSS
2023-11-08 01:00:00,0.01188774,WSS
2023-11-08 02:00:00,0.01163554,WSS
2023-11-08 03:00:00,0.01123305,WSS
2023-11-08 20:00:00,0.01303184,WSS
2023-11-08 21:00:00,0.01295163,WSS
2023-11-09 08:00:00,0.01775926,WSS
2023-11-09 09:00:00,0.0172051,WSS
2023-11-09 10:00:00,0.01655114,WSS
2023-11-09 12:00:00,0.01831079,WSS
2023-11-09 13:00:00,0.01778448,WSS
2023-11-09 14:00:00,0.01865479,WSS
2023-11-09 15:00:00,0.02085242,WSS
2023-11-09 16:00:00,0.02414205,WSS
2023-11-09 17:00:00,0.02157279,WSS
2023-11-09 18:00:00,0.02184572,WSS
2023-11-09 19:00:00,0.02179594,WSS
2023-11-09 21:00:00,0.02780006,WSS
2023-11-09 22:00:00,0.02966533,WSS
2023-11-10 00:00:00,0.06118821,SSS
2023-11-10 01:00:00,0.06269513,SSS
2023-11-10 02:00:00,0.06360782,SSS
2023-11-10 03:00:00,0.06453029,SSS
2023-11-10 04:00:00,0.05980892,SSS
2023-11-10 05:00:00,0.06018865,SSS
2023-11-12 00:00:00,0.018841,WSS
2023-11-12 19:00:00,0.02626653,WSS
2023-11-12 20:00:00,0.02803847,WSS
2023-11-12 21:00:00,0.02848163,WSS
2023-11-12 22:00:00,0.0290142,WSS
2023-11-12 23:00:00,0.02886086,WSS
2023-11-13 00:00:00,0.02923341,WSS
2023-11-14 16:00:00,0.02131786,WSS
2023-11-14 17:00:00,0.02089225,WSS
2023-11-14 18:00:00,0.0210342,WSS
2023-11-18 08:00:00,0.0115312,WSS
2023-11-18 09:00:00,0.01153255,WSS
2023-11-18 10:00:00,0.01153263,WSS
2023-11-20 00:00:00,0.01069772,WSS
2023-11-20 01:00:00,0.01080257,WSS
2023-11-20 02:00:00,0.01085325,WSS
2023-11-20 03:00:00,0.01104414,WSS
2023-11-20 04:00:00,0.01118711,WSS
2023-11-20 05:00:00,0.01125609,WSS
2023-11-20 06:00:00,0.01129174,WSS
2023-11-20 07:00:00,0.011275,WSS
2023-11-20 08:00:00,0.01224226,WSS
2023-11-20 09:00:00,0.01214903,WSS
2023-11-22 00:00:00,0.01045919,WSS
2023-11-22 01:00:00,0.01057021,WSS
2023-11-22 02:00:00,0.01066009,WSS
2023-11-22 03:00:00,0.01063929,WSS
2023-11-23 08:00:00,0.01294034,WSS
2023-11-23 09:00:00,0.01317295,WSS
2023-11-23 10:00:00,0.01362926,WSS
2023-11-23 11:00:00,0.01388339,WSS
2023-11-23 12:00:00,0.01393658,WSS
2023-11-24 12:00:00,0.01309939,WSS
2023-11-24 13:00:00,0.01360546,WSS
2023-11-24 14:00:00,0.01402712,WSS
2023-11-24 15:00:00,0.01481008,WSS
2023-11-24 16:00:00,0.01799947,WSS
2023-11-24 17:00:00,0.01788598,WSS
2023-11-24 18:00:00,0.0173118,WSS
2023-11-24 19:00:00,0.01689933,WSS
2023-11-26 15:00:00,0.01251665,WSS
2023-12-01 07:00:00,0.01026878,WSS
2023-12-01 08:00:00,0.01457071,WSS
2023-12-01 09:00:00,0.01546836,WSS
2023-12-01 10:00:00,0.01636337,WSS
2023-12-01 11:00:00,0.01686144,WSS
2023-12-01 12:00:00,0.01979352,WSS
2023-12-01 13:00:00,0.01985008,WSS
2023-12-01 14:00:00,0.01987199,WSS
2023-12-01 15:00:00,0.01932301,WSS
2023-12-01 16:00:00,0.02211228,WSS
2023-12-01 17:00:00,0.02137929,WSS
2023-12-03 00:00:00,0.01525416,WSS
2023-12-03 01:00:00,0.01556674,WSS
2023-12-03 02:00:00,0.01566022,WSS
2023-12-03 23:00:00,0.01664223,WSS
2023-12-04 00:00:00,0.02296557,WSS
2023-12-04 01:00:00,0.02214194,WSS
2023-12-04 02:00:00,0.02419803,WSS
2023-12-04 03:00:00,0.02533192,WSS
2023-12-04 04:00:00,0.02817151,WSS
2023-12-04 05:00:00,0.02843046,WSS
2023-12-04 06:00:00,0.02876473,WSS
2023-12-04 07:00:00,0.0279512,WSS
2023-12-04 08:00:00,0.03834242,MSS
2023-12-04 09:00:00,0.03751219,MSS
2023-12-04 10:00:00,0.03592591,MSS
2023-12-08 00:00:00,0.01891681,WSS
2023-12-08 01:00:00,0.0188758,WSS
2023-12-08 02:00:00,0.01891541,WSS
2023-12-08 03:00:00,0.01912815,WSS
2023-12-08 04:00:00,0.01995801,WSS
2023-12-08 05:00:00,0.02079229,WSS
2023-12-08 06:00:00,0.02219782,WSS
2023-12-08 07:00:00,0.02245418,WSS
2023-12-08 08:00:00,0.02704308,WSS
2023-12-08 09:00:00,0.02727929,WSS
2023-12-08 10:00:00,0.0272274,WSS
2023-12-08 11:00:00,0.02778524,WSS
2023-12-08 12:00:00,0.02840541,WSS
2023-12-10 14:00:00,0.02373833,WSS
2023-12-10 15:00:00,0.02422046,WSS
2023-12-10 16:00:00,0.02922752,WSS
2023-12-10 17:00:00,0.02834758,WSS
2023-12-10 18:00:00,0.02752663,WSS
2023-12-12 19:00:00,0.01777102,WSS
2023-12-13 00:00:00,0.02209642,WSS
2023-12-13 01:00:00,0.02146919,WSS
2023-12-13 02:00:00,0.02110902,WSS
2023-12-13 03:00:00,0.0210771,WSS
2023-12-15 00:00:00,0.01108425,WSS
2023-12-15 01:00:00,0.01128294,WSS
2023-12-15 02:00:00,0.01150608,WSS
2023-12-15 03:00:00,0.01177693,WSS
2023-12-15 04:00:00,0.01200751,WSS
2023-12-15 05:00:00,0.01223146,WSS
2023-12-15 06:00:00,0.01265224,WSS
2023-12-15 07:00:00,0.01323238,WSS
2023-12-15 08:00:00,0.01762101,WSS
2023-12-15 09:00:00,0.01795085,WSS
2023-12-15 10:00:00,0.01829396,WSS
2023-12-15 11:00:00,0.01833213,WSS
2023-12-15 12:00:00,0.01852841,WSS
2023-12-15 13:00:00,0.01868358,WSS
2023-12-16 08:00:00,0.02303922,WSS
2023-12-16 09:00:00,0.02284367,WSS
2023-12-16 10:00:00,0.02325789,WSS
2023-12-16 11:00:00,0.02343732,WSS
2023-12-16 12:00:00,0.02314292,WSS
2023-12-16 16:00:00,0.02778389,WSS
2023-12-16 17:00:00,0.02671825,WSS
2023-12-17 08:00:00,0.03909471,MSS
2023-12-17 09:00:00,0.03731438,MSS
2023-12-17 10:00:00,0.03599036,MSS
2023-12-19 08:00:00,0.03536622,MSS
2023-12-19 09:00:00,0.03626539,MSS
2023-12-19 10:00:00,0.03688572,MSS
2023-12-19 11:00:00,0.03746825,MSS
2023-12-19 12:00:00,0.03861897,MSS
2023-12-19 13:00:00,0.03889844,MSS
2023-12-21 08:00:00,0.02668136,WSS
2023-12-21 10:00:00,0.02724438,WSS
2023-12-21 11:00:00,0.0292495,WSS
2023-12-21 12:00:00,0.02986041,WSS
2023-12-22 08:00:00,0.0668706,SSS
2023-12-22 09:00:00,0.06572976,SSS
2023-12-22 10:00:00,0.06702433,SSS
2023-12-22 11:00:00,0.06675655,SSS
2023-12-22 12:00:00,0.06587443,SSS
2023-12-22 13:00:00,0.06495671,SSS
2023-12-24 05:00:00,0.01002675,WSS
2023-12-24 06:00:00,0.01080341,WSS
2023-12-24 07:00:00,0.01161592,WSS
2023-12-24 08:00:00,0.03126947,WSS
2023-12-24 09:00:00,0.03111571,WSS
2023-12-24 10:00:00,0.03125901,WSS
2023-12-24 11:00:00,0.03137803,WSS
2023-12-24 12:00:00,0.0309414,WSS
2023-12-24 13:00:00,0.0301686,WSS
2023-12-25 08:00:00,0.03531203,MSS
2023-12-25 09:00:00,0.0351722,MSS
2023-12-25 10:00:00,0.03518144,MSS
2023-12-25 11:00:00,0.03521579,MSS
2023-12-25 12:00:00,0.03531136,MSS
2023-12-25 13:00:00,0.0360594,MSS
2023-12-25 14:00:00,0.03714318,MSS
2023-12-25 15:00:00,0.03809659,MSS
2023-12-26 00:00:00,0.04152484,MSS
2023-12-26 01:00:00,0.04342391,MSS
2023-12-26 02:00:00,0.04440952,MSS
2023-12-26 03:00:00,0.04522651,MSS
2023-12-26 04:00:00,0.04934742,SSS
2023-12-26 05:00:00,0.04831871,SSS
2023-12-28 02:00:00,0.03831584,MSS
2023-12-28 08:00:00,0.05139889,SSS
2023-12-28 09:00:00,0.05236597,SSS
2023-12-28 10:00:00,0.05364804,SSS
2023-12-28 11:00:00,0.05491355,SSS
2023-12-28 12:00:00,0.05694951,SSS
2023-12-28 13:00:00,0.05682948,SSS
2023-12-28 14:00:00,0.05716067,SSS
2023-12-28 15:00:00,0.05695612,SSS
2023-12-30 07:00:00,0.03915047,MSS
2023-12-30 08:00:00,0.04717682,MSS
2023-12-30 09:00:00,0.04623262,MSS
2023-12-30 10:00:00,0.04683035,MSS
2023-12-30 11:00:00,0.04690369,MSS
2023-12-30 12:00:00,0.04575666,MSS
2024-01-01 00:00:00,0.04227623,MSS
2024-01-01 01:00:00,0.04257765,MSS
2024-01-01 02:00:00,0.04326461,MSS
2024-01-01 03:00:00,0.04392732,MSS
2024-01-01 04:00:00,0.04518888,MSS
2024-01-01 05:00:00,0.04505296,MSS
2024-01-02 00:00:00,0.06286322,SSS
2024-01-02 01:00:00,0.06425529,SSS
2024-01-02 02:00:00,0.06258983,SSS
2024-01-07 00:00:00,0.00475225,MSS
2024-01-07 01:00:00,0.00505059,MSS
2024-01-07 04:00:00,0.00710674,WSS
2024-01-07 05:00:00,0.00725913,WSS
2024-01-07 06:00:00,0.00719424,WSS
2024-01-07 07:00:00,0.00724314,WSS
2024-01-08 20:00:00,0.0095966,WSS
2024-01-08 21:00:00,0.0101019,WSS
2024-01-08 22:00:00,0.0100763,WSS
2024-01-08 23:00:00,0.00984474,WSS
2024-01-09 00:00:00,0.01797726,WSS
2024-01-09 01:00:00,0.01830855,WSS
2024-01-09 02:00:00,0.0183674,WSS
2024-01-09 03:00:00,0.01779683,WSS
2024-01-09 04:00:00,0.01698134,WSS
2024-01-11 16:00:00,0.03381561,MSS
2024-01-11 17:00:00,0.03988046,MSS
2024-01-11 18:00:00,0.03433719,MSS
2024-01-11 19:00:00,0.03013884,WSS
2024-01-12 16:00:00,0.05246777,SSS
2024-01-12 17:00:00,0.04396861,MSS
2024-01-12 18:00:00,0.04649305,MSS
2024-01-12 19:00:00,0.04540944,MSS
2024-01-12 20:00:00,0.04378673,MSS
2024-01-14 01:00:00,0.00880183,WSS
2024-01-14 02:00:00,0.00886305,WSS
2024-01-14 08:00:00,0.01333483,WSS
2024-01-14 09:00:00,0.01289397,WSS
2024-01-14 10:00:00,0.01245412,WSS
2024-01-15 00:00:00,0.01342761,WSS
2024-01-15 01:00:00,0.0138935,WSS
2024-01-15 16:00:00,0.01618817,WSS
2024-01-15 17:00:00,0.0166495,WSS
2024-01-17 20:00:00,0.00635248,MSS
2024-01-17 21:00:00,0.00655544,MSS
2024-01-17 22:00:00,0.00655689,MSS
2024-01-17 23:00:00,0.00651554,MSS
2024-01-18 00:00:00,0.00957767,WSS
2024-01-18 01:00:00,0.00946197,WSS
2024-01-18 02:00:00,0.00939636,WSS
2024-01-18 03:00:00,0.00935951,WSS
2024-01-18 04:00:00,0.01051777,WSS
2024-01-18 05:00:00,0.01058416,WSS
2024-01-18 06:00:00,0.01085933,WSS
2024-01-18 07:00:00,0.01128954,WSS
2024-01-18 08:00:00,0.01160601,WSS
2024-01-18 09:00:00,0.01170241,WSS
2024-01-18 10:00:00,0.0123748,WSS
2024-01-18 11:00:00,0.01264391,WSS
2024-01-18 17:00:00,0.01710719,WSS
2024-01-18 18:00:00,0.02083546,WSS
2024-01-18 19:00:00,0.02296562,WSS
2024-01-18 20:00:00,0.02442583,WSS
2024-01-18 21:00:00,0.0252953,WSS
2024-01-18 22:00:00,0.0248897,WSS
2024-01-18 23:00:00,0.02395308,WSS
2024-01-20 00:00:00,0.01368338,WSS
2024-01-21 15:00:00,0.00661173,MSS
2024-01-21 16:00:00,0.00727521,WSS
2024-01-21 17:00:00,0.00748255,WSS
2024-01-21 18:00:00,0.00765427,WSS
2024-01-21 19:00:00,0.00781156,WSS
2024-01-21 20:00:00,0.00799398,WSS
2024-01-21 21:00:00,0.00817413,WSS
2024-01-22 00:00:00,0.00985822,WSS
2024-01-22 01:00:00,0.00982132,WSS
2024-01-22 17:00:00,0.01068517,WSS
2024-01-22 18:00:00,0.01100618,WSS
2024-01-23 16:00:00,0.01097138,WSS
2024-01-23 17:00:00,0.0111655,WSS
2024-01-23 18:00:00,0.01115717,WSS
2024-01-23 19:00:00,0.01096328,WSS
2024-01-25 12:00:00,0.01041167,WSS
2024-01-25 13:00:00,0.01032948,WSS
2024-01-25 14:00:00,0.01021641,WSS
2024-01-26 00:00:00,0.01228112,WSS
2024-01-26 01:00:00,0.01178014,WSS
2024-01-26 16:00:00,0.01358188,WSS
2024-01-26 17:00:00,0.01344986,WSS
2024-01-26 18:00:00,0.0141693,WSS
2024-01-26 19:00:00,0.01342853,WSS
2024-01-28 16:00:00,0.01057809,WSS
2024-01-28 17:00:00,0.01045752,WSS
2024-01-28 18:00:00,0.01039166,WSS
2024-01-28 19:00:00,0.01036132,WSS
2024-01-28 20:00:00,0.01093787,WSS
2024-01-28 21:00:00,0.01088472,WSS
2024-01-30 08:00:00,0.01199367,WSS
2024-01-30 09:00:00,0.0118322,WSS
2024-01-30 10:00:00,0.01176629,WSS
2024-01-30 11:00:00,0.01196099,WSS
2024-01-31 16:00:00,0.00863636,WSS
2024-02-05 08:00:00,0.01018194,WSS
2024-02-05 09:00:00,0.01064155,WSS
2024-02-05 10:00:00,0.01115235,WSS
2024-02-05 11:00:00,0.01175546,WSS
2024-02-05 12:00:00,0.01466483,WSS
2024-02-05 13:00:00,0.01536312,WSS
2024-02-05 14:00:00,0.01603378,WSS
2024-02-05 15:00:00,0.01651954,WSS
2024-02-05 16:00:00,0.01638774,WSS
2024-02-08 00:00:00,0.01208753,WSS
2024-02-08 01:00:00,0.01408546,WSS
2024-02-08 02:00:00,0.0140027,WSS
2024-02-08 03:00:00,0.01363237,WSS
2024-02-08 04:00:00,0.01398237,WSS
2024-02-08 05:00:00,0.01432669,WSS
2024-02-08 06:00:00,0.01436919,WSS
2024-02-08 07:00:00,0.01468914,WSS
2024-02-10 22:00:00,0.00846082,WSS
2024-02-10 23:00:00,0.00897683,WSS
2024-02-11 00:00:00,0.01378517,WSS
2024-02-11 01:00:00,0.01456191,WSS
2024-02-11 02:00:00,0.01470606,WSS
2024-02-11 03:00:00,0.01490697,WSS
2024-02-11 04:00:00,0.01569113,WSS
2024-02-11 05:00:00,0.01640312,WSS
2024-02-11 06:00:00,0.01651181,WSS
2024-02-11 07:00:00,0.01673596,WSS
2024-02-13 00:00:00,0.01903455,WSS
2024-02-13 01:00:00,0.01878506,WSS
2024-02-13 02:00:00,0.01817476,WSS
2024-02-13 03:00:00,0.0177591,WSS
2024-02-14 10:00:00,0.01369277,WSS
2024-02-14 11:00:00,0.01430906,WSS
2024-02-14 12:00:00,0.01548119,WSS
2024-02-14 13:00:00,0.01590932,WSS
2024-02-14 14:00:00,0.01659924,WSS
2024-02-14 15:00:00,0.01627693,WSS
2024-02-14 16:00:00,0.02029389,WSS
2024-02-14 17:00:00,0.01986337,WSS
2024-02-14 18:00:00,0.01930772,WSS
2024-02-16 00:00:00,0.01704867,WSS
2024-02-16 04:00:00,0.01839198,WSS
2024-02-16 05:00:00,0.01946072,WSS
2024-02-16 06:00:00,0.0204807,WSS
2024-02-16 07:00:00,0.02164496,WSS
2024-02-16 08:00:00,0.02312632,WSS
2024-02-16 09:00:00,0.02592047,WSS
2024-02-16 10:00:00,0.02683544,WSS
2024-02-16 11:00:00,0.02624459,WSS
2024-02-18 01:00:00,0.01681213,WSS
2024-02-18 02:00:00,0.01730647,WSS
2024-02-18 03:00:00,0.01745325,WSS
2024-02-18 23:00:00,0.01928482,WSS
2024-02-19 00:00:00,0.02546972,WSS
2024-02-19 01:00:00,0.02338607,WSS
2024-02-19 02:00:00,0.02154554,WSS
2024-02-19 08:00:00,0.02371312,WSS
2024-02-19 09:00:00,0.02409089,WSS
2024-02-19 12:00:00,0.02631871,WSS
2024-02-19 13:00:00,0.02625679,WSS
2024-02-21 00:00:00,0.02808177,WSS
2024-02-21 01:00:00,0.02669369,WSS
2024-02-22 08:00:00,0.02418326,WSS
2024-02-22 09:00:00,0.02938845,WSS
2024-02-22 10:00:00,0.03180252,WSS
2024-02-22 11:00:00,0.02999147,WSS
2024-02-22 12:00:00,0.03013331,WSS
2024-02-24 05:00:00,0.01079677,WSS
2024-02-24 06:00:00,0.0117301,WSS
2024-02-24 07:00:00,0.0124456,WSS
2024-02-24 08:00:00,0.01346024,WSS
2024-02-24 09:00:00,0.01290739,WSS
2024-02-24 10:00:00,0.01398023,WSS
2024-02-24 11:00:00,0.01451742,WSS
2024-02-24 12:00:00,0.01548882,WSS
2024-02-24 13:00:00,0.01544803,WSS
2024-02-24 14:00:00,0.01522948,WSS
2024-02-24 15:00:00,0.01540023,WSS
2024-02-24 16:00:00,0.02204402,WSS
2024-02-24 17:00:00,0.01940073,WSS
2024-02-24 18:00:00,0.02104057,WSS
2024-02-24 19:00:00,0.02189602,WSS
2024-02-24 20:00:00,0.02203661,WSS
2024-02-25 08:00:00,0.02445539,WSS
2024-02-25 09:00:00,0.02283559,WSS
2024-02-25 10:00:00,0.02459368,WSS
2024-02-25 11:00:00,0.02479531,WSS
2024-02-25 12:00:00,0.02574884,WSS
2024-02-26 17:00:00,0.0218224,WSS
2024-02-26 18:00:00,0.02277455,WSS
2024-02-26 19:00:00,0.02366897,WSS
2024-02-26 20:00:00,0.0290201,WSS
2024-02-26 21:00:00,0.02827492,WSS
2024-02-26 22:00:00,0.02708586,WSS
2024-02-27 02:00:00,0.0342839,MSS
2024-02-27 03:00:00,0.05038829,SSS
2024-02-27 04:00:00,0.0667758,SSS
2024-02-27 05:00:00,0.07098061,SSS
2024-02-27 06:00:00,0.07235711,SSS
2024-02-27 07:00:00,0.06950244,SSS
2024-02-28 13:00:00,0.04754244,SSS
2024-02-28 14:00:00,0.05387969,SSS
2024-02-28 15:00:00,0.05225956,SSS
2024-02-28 16:00:00,0.05095162,SSS
2024-02-28 17:00:00,0.09036412,SSS
2024-02-28 18:00:00,0.09741112,SSS
2024-02-28 19:00:00,0.08494717,SSS
2024-02-28 20:00:00,0.08435581,SSS
2024-03-02 16:00:00,0.04349902,MSS
2024-03-02 17:00:00,0.04461204,MSS
2024-03-02 18:00:00,0.04504327,MSS
2024-03-02 19:00:00,0.04628119,MSS
2024-03-02 20:00:00,0.04746906,MSS
2024-03-03 19:00:00,0.04590859,MSS
2024-03-03 20:00:00,0.04941272,SSS
2024-03-03 21:00:00,0.04945979,SSS
2024-03-03 22:00:00,0.05131005,SSS
2024-03-03 23:00:00,0.05140981,SSS
2024-03-04 00:00:00,0.06805428,SSS
2024-03-04 01:00:00,0.08337126,SSS
2024-03-04 02:00:00,0.07775616,SSS
2024-03-04 03:00:00,0.071965,SSS
2024-03-04 08:00:00,0.07699704,SSS
2024-03-04 09:00:00,0.08786966,SSS
2024-03-04 10:00:00,0.08991015,SSS
2024-03-04 11:00:00,0.0867332,SSS
2024-03-05 10:00:00,0.09937594,SSS
2024-03-05 12:00:00,0.1027377,SSS
2024-03-07 14:00:00,0.04307055,MSS
2024-03-08 08:00:00,0.04390087,MSS
2024-03-08 15:00:00,0.04510537,MSS
2024-03-10 01:00:00,0.04042482,MSS
2024-03-10 02:00:00,0.04840552,SSS
2024-03-10 03:00:00,0.04807737,SSS
2024-03-10 04:00:00,0.05384759,SSS
2024-03-10 05:00:00,0.0592945,SSS
2024-03-10 06:00:00,0.05945687,SSS
2024-03-10 07:00:00,0.05910874,SSS
2024-03-10 08:00:00,0.05934321,SSS
2024-03-10 09:00:00,0.06261865,SSS
2024-03-10 10:00:00,0.07103241,SSS
2024-03-10 11:00:00,0.0742168,SSS
2024-03-10 12:00:00,0.08003719,SSS
2024-03-11 08:00:00,0.10442427,SSS
2024-03-11 09:00:00,0.10584216,SSS
2024-03-11 10:00:00,0.12136204,SSS
2024-03-11 11:00:00,0.12243332,SSS
2024-03-11 12:00:00,0.14127727,SSS
2024-03-11 13:00:00,0.14430937,SSS
2024-03-11 14:00:00,0.13994233,SSS
2024-03-12 17:00:00,0.08076894,SSS
2024-03-12 18:00:00,0.09484294,SSS
2024-03-12 19:00:00,0.08598928,SSS
2024-03-14 16:00:00,0.06019561,SSS
2024-03-14 17:00:00,0.06566794,SSS
2024-03-16 19:00:00,0.02729084,WSS
2024-03-16 20:00:00,0.02961637,WSS
2024-03-16 21:00:00,0.02904442,WSS
2024-03-16 22:00:00,0.03010458,WSS
2024-03-16 23:00:00,0.02990894,WSS
2024-03-17 02:00:00,0.03165123,WSS
2024-03-17 03:00:00,0.03414503,MSS
2024-03-17 09:00:00,0.03629825,MSS
2024-03-17 10:00:00,0.0368895,MSS
2024-03-17 11:00:00,0.04016036,MSS
2024-03-19 09:00:00,0.03955283,MSS
2024-03-19 10:00:00,0.04779696,SSS
2024-03-19 11:00:00,0.04778826,SSS
2024-03-19 12:00:00,0.04698122,MSS
2024-03-19 13:00:00,0.04178875,MSS
2024-03-21 08:00:00,0.01647401,WSS
2024-03-21 18:00:00,0.01566543,WSS
2024-03-21 19:00:00,0.01654086,WSS
2024-03-22 16:00:00,0.01736438,WSS
2024-03-22 17:00:00,0.01811743,WSS
2024-03-22 18:00:00,0.01913438,WSS
2024-03-22 19:00:00,0.01815571,WSS
2024-03-24 08:00:00,0.01690151,WSS
2024-03-24 09:00:00,0.01963347,WSS
2024-03-24 10:00:00,0.02158085,WSS
2024-03-24 11:00:00,0.02206508,WSS
2024-03-24 12:00:00,0.02531164,WSS
2024-03-24 13:00:00,0.02455083,WSS
2024-03-24 14:00:00,0.02306148,WSS
2024-03-24 16:00:00,0.02426604,WSS
2024-03-24 18:00:00,0.02647824,WSS
2024-03-24 19:00:00,0.0290663,WSS
2024-03-24 20:00:00,0.02884026,WSS
2024-03-25 17:00:00,0.03637113,MSS
2024-03-25 18:00:00,0.03435274,MSS
2024-03-25 19:00:00,0.0336065,MSS
2024-03-25 20:00:00,0.03536874,MSS
2024-03-25 21:00:00,0.03573865,MSS
2024-03-25 22:00:00,0.03641363,MSS
2024-03-26 00:00:00,0.03944944,MSS
2024-03-27 00:00:00,0.03518136,MSS
2024-03-27 01:00:00,0.03497055,MSS
2024-03-27 04:00:00,0.03437535,MSS
2024-03-27 05:00:00,0.0345835,MSS
2024-03-27 06:00:00,0.03671539,MSS
2024-03-27 07:00:00,0.03610206,MSS
2024-03-27 10:00:00,0.04078764,MSS
2024-03-27 11:00:00,0.04097726,MSS
2024-03-27 12:00:00,0.04351033,MSS
2024-03-27 13:00:00,0.04547111,MSS
2024-03-27 14:00:00,0.04720792,MSS
2024-03-27 15:00:00,0.05026706,SSS
2024-03-28 12:00:00,0.05233687,SSS
2024-03-28 13:00:00,0.0541327,SSS
2024-03-28 14:00:00,0.05348138,SSS
2024-03-30 16:00:00,0.04037194,MSS
2024-03-30 17:00:00,0.04293903,MSS
2024-03-31 08:00:00,0.04904046,SSS
2024-03-31 09:00:00,0.05081503,SSS
2024-03-31 10:00:00,0.0550253,SSS
2024-03-31 11:00:00,0.05884336,SSS
2024-03-31 12:00:00,0.06755734,SSS
2024-03-31 13:00:00,0.06716212,SSS
2024-03-31 14:00:00,0.06460052,SSS
2024-03-31 15:00:00,0.06313254,SSS
2024-03-31 20:00:00,0.07450387,SSS
2024-03-31 21:00:00,0.07585815,SSS
2024-04-03 16:00:00,0.01138095,WSS
2024-04-03 17:00:00,0.00954006,WSS
2024-04-03 18:00:00,0.00950234,WSS
2024-04-06 08:00:00,0.00890468,WSS
2024-04-06 09:00:00,0.00935294,WSS
2024-04-06 10:00:00,0.00959439,WSS
2024-04-06 11:00:00,0.00942768,WSS
2024-04-07 01:00:00,0.0102429,WSS
2024-04-07 08:00:00,0.01490641,WSS
2024-04-07 09:00:00,0.01567135,WSS
2024-04-07 10:00:00,0.01429613,WSS
2024-04-08 09:00:00,0.01584193,WSS
2024-04-08 10:00:00,0.02154874,WSS
2024-04-08 11:00:00,0.02453449,WSS
2024-04-08 12:00:00,0.02707708,WSS
2024-04-08 13:00:00,0.02903508,WSS
2024-04-08 14:00:00,0.02964085,WSS
2024-04-08 15:00:00,0.03056559,WSS
2024-04-11 04:00:00,0.011493,WSS
2024-04-11 05:00:00,0.01273499,WSS
2024-04-11 06:00:00,0.01313684,WSS
2024-04-11 07:00:00,0.01331683,WSS
2024-04-12 09:00:00,0.01342956,WSS
2024-04-12 10:00:00,0.01463346,WSS
2024-04-12 11:00:00,0.01469583,WSS
2024-04-12 12:00:00,0.01413923,WSS
2024-04-13 00:00:00,0.01832038,WSS
2024-04-13 01:00:00,0.02337612,WSS
2024-04-13 02:00:00,0.02201941,WSS
2024-04-13 03:00:00,0.02182575,WSS
2024-04-14 00:00:00,0.02956606,WSS
2024-04-14 01:00:00,0.02984717,WSS
2024-04-14 02:00:00,0.02958497,WSS
2024-04-14 05:00:00,0.03312714,MSS
2024-04-15 20:00:00,0.01571403,WSS
2024-04-15 21:00:00,0.01483433,WSS
2024-04-15 22:00:00,0.01548693,WSS
2024-04-15 23:00:00,0.01831517,WSS
2024-04-16 00:00:00,0.03455902,MSS
2024-04-16 01:00:00,0.03497295,MSS
2024-04-16 02:00:00,0.03318008,MSS
2024-04-16 03:00:00,0.03111555,WSS
2024-04-17 16:00:00,0.02703262,WSS
2024-04-17 17:00:00,0.01750364,WSS
