Bucket Type,Count,Local Extrema Closes,Local Extrema Type,First Local Extrema Datetime,Last Local Extrema Datetime
MB,4,[],[],,
MB,3,[],[],,
MB,5,[],[],,
MB,4,[],[],,
MB,3,[],[],,
MB,2,[],[],,
MB,1,[],[],,
MB,2,[27252.3],['Min'],2023-04-25 07:00:00,2023-04-25 07:00:00
MB,1,[],[],,
MB,1,[29955.0],['Max'],2023-04-26 12:00:00,2023-04-26 12:00:00
MB,1,[],[],,
MB,8,[29018.8],['Min'],2023-04-28 13:00:00,2023-04-28 13:00:00
MB,1,[],[],,
MB,1,[],[],,
MB,1,[],[],,
MB,5,[],[],,
MB,2,[],[],,
MB,2,[],[],,
MB,3,[29314.9],['Max'],2023-05-05 01:00:00,2023-05-05 01:00:00
MB,6,[28939.1],['Min'],2023-05-05 12:00:00,2023-05-05 12:00:00
MB,9,[29657.3],['Max'],2023-05-06 00:00:00,2023-05-06 00:00:00
MB,2,[],[],,
MB,3,[],[],,
MB,1,[],[],,
MB,3,[],[],,
MB,4,[],[],,
MB,2,[],[],,
MB,1,[],[],,
MB,3,[],[],,
MB,4,[],[],,
MB,3,[27071.4],['Max'],2023-05-14 15:00:00,2023-05-14 15:00:00
MB,2,[27493.0],['Max'],2023-05-15 17:00:00,2023-05-15 17:00:00
MB,1,[],[],,
MB,6,[],[],,
MB,4,[27196.5],['Min'],2023-05-18 06:00:00,2023-05-18 06:00:00
MB,3,[],[],,
MB,3,[],[],,
MB,3,[],[],,
MB,1,[],[],,
MB,1,[],[],,
MB,1,[],[],,
MB,4,[],[],,
MB,5,[],[],,
MB,2,[],[],,
MB,1,[],[],,
MB,2,[],[],,
MB,2,[],[],,
MB,2,[],[],,
MB,2,[],[],,
MB,8,[27593.6],['Min'],2023-05-29 16:00:00,2023-05-29 16:00:00
MB,4,[27836.4],['Max'],2023-05-30 19:00:00,2023-05-30 19:00:00
MB,3,[26900.1],['Min'],2023-05-31 15:00:00,2023-05-31 15:00:00
MB,8,[26705.1],['Min'],2023-06-01 02:00:00,2023-06-01 02:00:00
MB,1,[],[],,
MB,3,[27292.7],['Max'],2023-06-03 15:00:00,2023-06-03 15:00:00
MB,2,[],[],,
MB,6,[26990.0],['Min'],2023-06-03 21:00:00,2023-06-03 21:00:00
MB,6,[],[],,
MB,6,[],[],,
MB,6,[25556.0],['Min'],2023-06-05 18:00:00,2023-06-05 18:00:00
MB,1,[],[],,
MB,2,[],[],,
MB,7,[],[],,
MB,7,[],[],,
MB,2,[],[],,
MB,2,[26662.3],['Max'],2023-06-09 12:00:00,2023-06-09 12:00:00
MB,4,[],[],,
MB,4,"[26010.0, 25529.2]","['Max', 'Min']",2023-06-10 17:00:00,2023-06-10 18:00:00
MB,1,[],[],,
MB,2,[25790.5],['Min'],2023-06-12 13:00:00,2023-06-12 13:00:00
MB,2,[],[],,
MB,6,[25833.2],['Min'],2023-06-14 05:00:00,2023-06-14 05:00:00
MB,1,[],[],,
MB,5,[],[],,
MB,4,[26399.9],['Min'],2023-06-17 15:00:00,2023-06-17 15:00:00
MB,7,[],[],,
MB,7,[],[],,
MB,1,[],[],,
MB,4,[26329.7],['Min'],2023-06-18 23:00:00,2023-06-18 23:00:00
MB,11,[],[],,
MB,4,[],[],,
MB,3,[],[],,
MB,5,[30163.1],['Max'],2023-06-21 16:00:00,2023-06-21 16:00:00
MB,15,"[29919.3, 30226.8, 29735.4, 30208.8, 29875.0]","['Min', 'Max', 'Min', 'Max', 'Min']",2023-06-22 11:00:00,2023-06-22 23:00:00
MB,4,[],[],,
MB,4,[],[],,
MB,1,[30166.0],['Min'],2023-06-26 01:00:00,2023-06-26 01:00:00
MB,4,[30474.8],['Max'],2023-06-26 06:00:00,2023-06-26 06:00:00
MB,4,[30631.2],['Max'],2023-06-26 13:00:00,2023-06-26 13:00:00
MB,2,[],[],,
MB,5,[],[],,
MB,2,[],[],,
MB,3,[],[],,
MB,4,[],[],,
MB,2,[],[],,
MB,6,[],[],,
MB,1,[],[],,
MB,1,[],[],,
MB,1,[],[],,
MB,6,[],[],,
MB,5,[],[],,
MB,2,[],[],,
MB,3,[],[],,
MB,2,[],[],,
MB,2,[],[],,
MB,3,[],[],,
MB,12,[30395.6],['Max'],2023-07-07 14:00:00,2023-07-07 14:00:00
MB,3,[],[],,
MB,4,[],[],,
MB,2,[],[],,
MB,3,[],[],,
MB,6,[],[],,
MB,1,[],[],,
MB,1,[],[],,
MB,2,[],[],,
MB,6,[],[],,
MB,1,[],[],,
MB,1,[],[],,
MB,1,[],[],,
MB,4,[],[],,
MB,4,[],[],,
MB,1,[],[],,
MB,4,[],[],,
MB,2,[],[],,
MB,4,[],[],,
MB,2,[],[],,
MB,1,[],[],,
MB,2,[],[],,
MB,3,[],[],,
MB,7,[],[],,
MB,4,[],[],,
MB,2,[],[],,
MB,5,[],[],,
MB,2,[29145.8],['Min'],2023-07-30 22:00:00,2023-07-30 22:00:00
MB,1,[],[],,
MB,2,[],[],,
MB,3,[],[],,
MB,5,[29034.0],['Min'],2023-08-03 07:00:00,2023-08-03 07:00:00
MB,7,[],[],,
MB,6,[],[],,
MB,3,[],[],,
MB,2,[],[],,
MB,1,[28853.2],['Min'],2023-08-07 15:00:00,2023-08-07 15:00:00
MB,11,"[29561.1, 29347.1]","['Max', 'Min']",2023-08-08 12:00:00,2023-08-08 13:00:00
MB,3,[],[],,
MB,2,[],[],,
MB,8,[29404.2],['Min'],2023-08-09 19:00:00,2023-08-09 19:00:00
MB,4,[],[],,
MB,7,[],[],,
MB,13,[],[],,
MB,2,[],[],,
MB,5,[],[],,
MB,5,[],[],,
MB,9,[],[],,
MB,1,[],[],,
MB,5,[],[],,
MB,3,[],[],,
MB,2,[],[],,
MB,5,[],[],,
MB,3,[],[],,
MB,3,[],[],,
MB,1,[],[],,
MB,5,[26035.8],['Min'],2023-08-20 16:00:00,2023-08-20 16:00:00
MB,1,[],[],,
MB,1,[],[],,
MB,3,[26049.6],['Max'],2023-08-23 06:00:00,2023-08-23 06:00:00
MB,1,[],[],,
MB,2,[],[],,
MB,3,[],[],,
MB,3,[],[],,
MB,4,[],[],,
MB,2,[],[],,
MB,5,[],[],,
MB,4,[26134.4],['Max'],2023-08-28 18:00:00,2023-08-28 18:00:00
MB,1,[],[],,
MB,3,[],[],,
MB,3,[],[],,
MB,3,[],[],,
MB,2,[],[],,
MB,3,[],[],,
MB,4,[],[],,
MB,2,[],[],,
MB,4,[],[],,
MB,2,[25845.6],['Max'],2023-09-06 17:00:00,2023-09-06 17:00:00
MB,4,[25633.2],['Min'],2023-09-07 13:00:00,2023-09-07 13:00:00
MB,2,[],[],,
MB,2,[],[],,
MB,3,[],[],,
MB,1,[],[],,
MB,5,"[25675.9, 25884.8]","['Min', 'Max']",2023-09-11 01:00:00,2023-09-11 05:00:00
MB,2,[],[],,
MB,3,[],[],,
MB,3,[],[],,
MB,1,[],[],,
MB,4,[],[],,
MB,10,"[26514.0, 26162.3]","['Max', 'Min']",2023-09-14 00:00:00,2023-09-14 01:00:00
MB,2,[],[],,
MB,8,[],[],,
MB,5,[],[],,
MB,2,[],[],,
MB,1,[],[],,
MB,10,[26666.7],['Min'],2023-09-19 00:00:00,2023-09-19 00:00:00
MB,2,[27329.9],['Max'],2023-09-20 01:00:00,2023-09-20 01:00:00
MB,5,[],[],,
MB,3,[],[],,
MB,4,[],[],,
MB,2,[],[],,
MB,1,[],[],,
MB,2,[],[],,
MB,1,[],[],,
MB,2,[],[],,
MB,4,[],[],,
MB,1,[],[],,
MB,1,[],[],,
MB,4,[],[],,
MB,1,[],[],,
MB,9,[],[],,
MB,1,[],[],,
MB,1,[],[],,
MB,3,[],[],,
MB,1,[],[],,
MB,1,[],[],,
MB,1,[],[],,
MB,1,[],[],,
MB,2,[27976.6],['Max'],2023-10-05 13:00:00,2023-10-05 13:00:00
MB,5,[27398.4],['Min'],2023-10-05 23:00:00,2023-10-05 23:00:00
MB,1,[],[],,
MB,12,[28049.9],['Max'],2023-10-08 03:00:00,2023-10-08 03:00:00
MB,2,[],[],,
MB,1,[],[],,
MB,4,[27391.1],['Min'],2023-10-09 16:00:00,2023-10-09 16:00:00
MB,1,[],[],,
MB,4,[],[],,
MB,2,[],[],,
MB,1,[],[],,
MB,8,[],[],,
MB,2,[],[],,
MB,2,[],[],,
MB,1,[],[],,
MB,2,[],[],,
MB,3,[26806.5],['Min'],2023-10-14 21:00:00,2023-10-14 21:00:00
MB,7,[],[],,
MB,1,[],[],,
MB,2,[],[],,
MB,1,[],[],,
MB,8,[28175.0],['Min'],2023-10-17 04:00:00,2023-10-17 04:00:00
MB,4,[28203.5],['Min'],2023-10-17 12:00:00,2023-10-17 12:00:00
MB,10,[28334.0],['Min'],2023-10-17 18:00:00,2023-10-17 18:00:00
MB,4,[],[],,
MB,2,[],[],,
MB,4,[],[],,
MB,4,[],[],,
MB,2,[30195.0],['Max'],2023-10-21 18:00:00,2023-10-21 18:00:00
MB,2,[],[],,
MB,2,[33358.8],['Max'],2023-10-23 22:00:00,2023-10-23 22:00:00
MB,5,[34195.4],['Max'],2023-10-25 01:00:00,2023-10-25 01:00:00
MB,1,[34487.7],['Min'],2023-10-25 23:00:00,2023-10-25 23:00:00
MB,2,[],[],,
MB,7,"[34236.7, 33849.0]","['Max', 'Min']",2023-10-26 22:00:00,2023-10-27 01:00:00
MB,1,[],[],,
MB,4,[],[],,
MB,1,[],[],,
MB,1,[],[],,
MB,8,[34670.8],['Max'],2023-10-30 13:00:00,2023-10-30 13:00:00
MB,4,[],[],,
MB,4,"[34504.0, 34227.0]","['Max', 'Min']",2023-10-31 11:00:00,2023-10-31 13:00:00
MB,2,[34645.2],['Min'],2023-11-02 15:00:00,2023-11-02 15:00:00
MB,17,[34260.5],['Min'],2023-11-03 09:00:00,2023-11-03 09:00:00
MB,4,[],[],,
MB,6,[35253.1],['Max'],2023-11-06 11:00:00,2023-11-06 11:00:00
MB,7,[],[],,
MB,4,[],[],,
MB,8,[35231.3],['Min'],2023-11-08 15:00:00,2023-11-08 15:00:00
MB,15,[37395.7],['Max'],2023-11-10 16:00:00,2023-11-10 16:00:00
MB,5,[],[],,
MB,1,[],[],,
MB,7,[],[],,
MB,7,[],[],,
MB,8,[],[],,
MB,7,[],[],,
MB,6,[35936.5],['Min'],2023-11-16 19:00:00,2023-11-16 19:00:00
MB,5,[36252.0],['Min'],2023-11-17 07:00:00,2023-11-17 07:00:00
MB,8,[36267.2],['Min'],2023-11-18 06:00:00,2023-11-18 06:00:00
MB,16,[],[],,
MB,8,[],[],,
MB,4,[],[],,
MB,3,[],[],,
MB,9,[],[],,
MB,1,[],[],,
MB,2,[],[],,
MB,4,[],[],,
MB,3,[37647.5],['Max'],2023-11-26 22:00:00,2023-11-26 22:00:00
MB,3,[],[],,
MB,2,[36743.2],['Min'],2023-11-27 15:00:00,2023-11-27 15:00:00
MB,5,[36792.0],['Min'],2023-11-27 20:00:00,2023-11-27 20:00:00
MB,8,[],[],,
MB,3,[],[],,
MB,3,[],[],,
MB,1,[],[],,
MB,2,[],[],,
MB,5,[],[],,
MB,1,[],[],,
MB,4,[44299.8],['Max'],2023-12-05 22:00:00,2023-12-05 22:00:00
MB,5,[],[],,
MB,4,[],[],,
MB,2,[],[],,
MB,3,[],[],,
MB,1,[],[],,
MB,1,[],[],,
MB,8,"[41879.9, 41411.8]","['Max', 'Min']",2023-12-12 02:00:00,2023-12-12 04:00:00
MB,6,[],[],,
MB,5,[],[],,
MB,6,[],[],,
MB,7,[42202.4],['Max'],2023-12-17 18:00:00,2023-12-17 18:00:00
MB,1,[41232.0],['Max'],2023-12-18 06:00:00,2023-12-18 06:00:00
MB,3,"[41631.3, 41288.0]","['Max', 'Min']",2023-12-18 14:00:00,2023-12-18 15:00:00
MB,4,[43346.1],['Max'],2023-12-19 01:00:00,2023-12-19 01:00:00
MB,3,[44079.0],['Max'],2023-12-20 15:00:00,2023-12-20 15:00:00
MB,1,[],[],,
MB,4,[44172.5],['Max'],2023-12-22 05:00:00,2023-12-22 05:00:00
MB,2,[43983.5],['Max'],2023-12-22 18:00:00,2023-12-22 18:00:00
MB,14,"[43999.2, 43512.7]","['Max', 'Min']",2023-12-22 23:00:00,2023-12-23 02:00:00
MB,2,[],[],,
MB,1,[],[],,
MB,7,[],[],,
MB,2,[42314.5],['Min'],2023-12-29 07:00:00,2023-12-29 07:00:00
MB,8,"[43065.6, 41846.3, 42152.8]","['Max', 'Min', 'Max']",2023-12-29 14:00:00,2023-12-29 19:00:00
MB,5,[42200.1],['Max'],2023-12-30 01:00:00,2023-12-30 01:00:00
MB,8,[42522.0],['Max'],2023-12-30 17:00:00,2023-12-30 17:00:00
MB,1,[],[],,
MB,2,[44825.2],['Min'],2024-01-02 20:00:00,2024-01-02 20:00:00
MB,9,"[45030.4, 45378.7, 42204.1, 43014.0]","['Min', 'Max', 'Min', 'Max']",2024-01-03 07:00:00,2024-01-03 15:00:00
MB,4,[],[],,
MB,3,[],[],,
MB,1,[],[],,
MB,3,[43455.4],['Min'],2024-01-06 06:00:00,2024-01-06 06:00:00
MB,3,[],[],,
MB,2,[],[],,
MB,4,[],[],,
MB,8,"[46901.2, 45450.2, 46250.7]","['Max', 'Min', 'Max']",2024-01-09 16:00:00,2024-01-09 22:00:00
MB,1,[],[],,
MB,3,"[45960.0, 46903.3]","['Min', 'Max']",2024-01-10 21:00:00,2024-01-10 22:00:00
MB,11,[],[],,
MB,11,"[43171.0, 42631.9]","['Max', 'Min']",2024-01-13 08:00:00,2024-01-13 11:00:00
MB,3,[],[],,
MB,1,[],[],,
MB,3,[],[],,
MB,3,[],[],,
MB,2,[],[],,
MB,1,[],[],,
MB,14,[],[],,
MB,4,[41049.8],['Min'],2024-01-19 03:00:00,2024-01-19 03:00:00
MB,6,[41483.0],['Max'],2024-01-19 10:00:00,2024-01-19 10:00:00
MB,11,[],[],,
MB,3,[],[],,
MB,7,[],[],,
MB,7,[38768.6],['Min'],2024-01-23 14:00:00,2024-01-23 14:00:00
MB,6,[39548.0],['Min'],2024-01-24 20:00:00,2024-01-24 20:00:00
MB,1,[],[],,
MB,14,[41455.4],['Min'],2024-01-27 08:00:00,2024-01-27 08:00:00
MB,3,[],[],,
MB,2,[42710.4],['Max'],2024-01-28 04:00:00,2024-01-28 04:00:00
MB,1,[],[],,
MB,6,[],[],,
MB,2,[],[],,
MB,7,[],[],,
MB,3,[],[],,
MB,2,[42339.2],['Min'],2024-02-05 00:00:00,2024-02-05 00:00:00
MB,2,[],[],,
MB,8,[],[],,
MB,8,[42783.0],['Min'],2024-02-07 03:00:00,2024-02-07 03:00:00
MB,1,[],[],,
MB,1,[],[],,
MB,2,[45942.3],['Min'],2024-02-09 04:00:00,2024-02-09 04:00:00
MB,8,[47624.0],['Max'],2024-02-09 17:00:00,2024-02-09 17:00:00
MB,3,[48020.2],['Min'],2024-02-11 20:00:00,2024-02-11 20:00:00
MB,1,[],[],,
MB,16,"[50237.7, 48497.6]","['Max', 'Min']",2024-02-13 09:00:00,2024-02-13 16:00:00
MB,4,[],[],,
MB,1,[52355.2],['Max'],2024-02-15 00:00:00,2024-02-15 00:00:00
MB,3,[51802.4],['Min'],2024-02-15 07:00:00,2024-02-15 07:00:00
MB,2,[],[],,
MB,3,[52148.6],['Max'],2024-02-16 23:00:00,2024-02-16 23:00:00
MB,3,[],[],,
MB,3,[51838.2],['Max'],2024-02-17 21:00:00,2024-02-17 21:00:00
MB,1,[52188.4],['Max'],2024-02-19 17:00:00,2024-02-19 17:00:00
MB,3,[],[],,
MB,8,[50969.4],['Min'],2024-02-21 14:00:00,2024-02-21 14:00:00
MB,12,[52024.8],['Max'],2024-02-22 20:00:00,2024-02-22 20:00:00
MB,5,[50614.8],['Min'],2024-02-24 01:00:00,2024-02-24 01:00:00
MB,3,[51796.5],['Max'],2024-02-25 06:00:00,2024-02-25 06:00:00
MB,4,[51400.4],['Min'],2024-02-25 16:00:00,2024-02-25 16:00:00
MB,11,[50984.4],['Min'],2024-02-26 09:00:00,2024-02-26 09:00:00
MB,12,[56755.8],['Min'],2024-02-27 21:00:00,2024-02-27 21:00:00
MB,1,[],[],,
MB,1,[],[],,
MB,2,[],[],,
MB,2,[],[],,
MB,5,[61335.3],['Min'],2024-03-01 15:00:00,2024-03-01 15:00:00
MB,6,[],[],,
MB,1,[],[],,
MB,1,[],[],,
MB,1,[61510.2],['Min'],2024-03-05 19:00:00,2024-03-05 19:00:00
MB,5,"[66475.9, 65798.0]","['Max', 'Min']",2024-03-06 05:00:00,2024-03-06 06:00:00
MB,1,[],[],,
MB,1,[],[],,
MB,6,[65852.8],['Min'],2024-03-07 05:00:00,2024-03-07 05:00:00
MB,3,[66870.0],['Min'],2024-03-07 23:00:00,2024-03-07 23:00:00
MB,1,[],[],,
MB,4,[],[],,
MB,6,"[68465.2, 69001.8, 68149.9]","['Min', 'Max', 'Min']",2024-03-10 22:00:00,2024-03-11 00:00:00
MB,6,"[72331.0, 71753.0]","['Max', 'Min']",2024-03-12 06:00:00,2024-03-12 08:00:00
MB,3,[70894.9],['Min'],2024-03-12 21:00:00,2024-03-12 21:00:00
MB,2,[],[],,
MB,4,[73511.4],['Max'],2024-03-13 08:00:00,2024-03-13 08:00:00
MB,3,[],[],,
MB,2,[],[],,
MB,1,[],[],,
MB,13,"[67122.6, 67857.8, 67308.8, 68655.7, 67954.3, 70276.0]","['Min', 'Max', 'Min', 'Max', 'Min', 'Max']",2024-03-15 08:00:00,2024-03-15 18:00:00
MB,5,[69690.3],['Max'],2024-03-16 00:00:00,2024-03-16 00:00:00
MB,1,[68592.4],['Max'],2024-03-17 17:00:00,2024-03-17 17:00:00
MB,2,[],[],,
MB,5,"[66985.7, 67740.4]","['Min', 'Max']",2024-03-18 19:00:00,2024-03-18 22:00:00
MB,3,[],[],,
MB,12,"[61596.4, 64102.0, 63640.5, 64261.7]","['Min', 'Max', 'Min', 'Max']",2024-03-20 05:00:00,2024-03-20 14:00:00
MB,9,"[67876.4, 66707.8]","['Max', 'Min']",2024-03-20 23:00:00,2024-03-21 03:00:00
MB,2,[],[],,
MB,2,[65843.8],['Max'],2024-03-22 00:00:00,2024-03-22 00:00:00
MB,4,[66486.8],['Max'],2024-03-22 06:00:00,2024-03-22 06:00:00
MB,6,[63592.0],['Min'],2024-03-23 03:00:00,2024-03-23 03:00:00
MB,5,"[64561.0, 64007.6]","['Max', 'Min']",2024-03-24 00:00:00,2024-03-24 03:00:00
MB,1,[],[],,
MB,2,[],[],,
MB,1,[],[],,
MB,1,[],[],,
MB,3,[],[],,
MB,1,[],[],,
MB,4,[],[],,
MB,2,[],[],,
MB,4,[],[],,
MB,1,[],[],,
MB,1,[69642.1],['Min'],2024-03-30 23:00:00,2024-03-30 23:00:00
MB,4,[],[],,
MB,1,[69212.2],['Min'],2024-04-01 05:00:00,2024-04-01 05:00:00
MB,18,[69769.0],['Max'],2024-04-01 20:00:00,2024-04-01 20:00:00
MB,6,[65433.9],['Min'],2024-04-03 00:00:00,2024-04-03 00:00:00
MB,1,[],[],,
MB,1,[65506.5],['Min'],2024-04-04 04:00:00,2024-04-04 04:00:00
MB,2,[68601.7],['Max'],2024-04-05 00:00:00,2024-04-05 00:00:00
MB,1,[],[],,
MB,3,[],[],,
MB,1,[],[],,
MB,1,[],[],,
MB,2,[],[],,
MB,8,[],[],,
MB,9,[],[],,
MB,4,[68703.0],['Min'],2024-04-10 02:00:00,2024-04-10 02:00:00
MB,5,[],[],,
MB,2,[],[],,
MB,4,[],[],,
MB,6,[],[],,
MB,2,[67161.5],['Max'],2024-04-12 20:00:00,2024-04-12 20:00:00
MB,2,[],[],,
MB,2,[],[],,
MB,1,[],[],,
MB,1,[63849.8],['Min'],2024-04-14 17:00:00,2024-04-14 17:00:00
MB,9,"[65615.9, 64874.4]","['Max', 'Min']",2024-04-14 23:00:00,2024-04-15 04:00:00
MB,3,[],[],,
MB,11,"[62534.2, 63064.6, 61749.2]","['Min', 'Max', 'Min']",2024-04-16 10:00:00,2024-04-16 15:00:00
MB,1,[],[],,
MB,7,[],[],,
MB,3,[],[],,
