index,datetime,percentage_change,duration,trend,volatility
0,2023-04-18 12:22:00,,,,
1,2023-04-18 18:02:00,-0.015550168509430662,20400.00m,-1.3923529411764748,
2,2023-04-18 20:54:00,0.015011678345011726,10320.00m,2.615697674418613,
3,2023-04-19 09:08:00,-0.04470428896873433,44040.00m,-1.8527247956403288,
4,2023-04-19 14:39:00,0.014260151410874104,19860.00m,1.2519637462235693,
5,2023-04-20 03:05:00,-0.029388214857639195,44760.00m,-1.1611260053619312,
6,2023-04-20 06:17:00,0.015069106060500085,11520.00m,2.2453124999999923,
7,2023-04-20 12:17:00,-0.02342687323730253,21600.00m,-1.8897222222222203,
8,2023-04-20 12:53:00,0.02013470150569484,2160.00m,15.86111111111111,
9,2023-04-21 06:51:00,-0.037742827514690686,64680.00m,-1.0128942486085357,
10,2023-04-21 13:40:00,0.016337321871823254,24540.00m,1.1119804400978066,
11,2023-04-22 01:17:00,-0.0401655539022158,41820.00m,-1.630416068866573,
12,2023-04-22 23:07:00,0.025920129619059946,78600.00m,0.5373282442748103,
13,2023-04-23 15:19:00,-0.018678841653386218,58320.00m,-0.5353909465020591,
14,2023-04-24 01:18:00,0.022856620336503344,35940.00m,1.0432387312187001,
15,2023-04-24 08:59:00,-0.028285457841794533,27660.00m,-1.7158351409978307,
16,2023-04-24 13:52:00,0.018753289001578667,17580.00m,1.7392491467576743,
17,2023-04-24 17:02:00,-0.024075712969819568,11400.00m,-3.5078947368421054,
18,2023-04-26 12:57:00,0.1094533071769626,158100.00m,1.1222390891840601,
19,2023-04-26 20:04:00,-0.08914029111799847,25620.00m,-6.257377049180323,
20,2023-04-26 22:00:00,0.05079444147358086,6960.00m,11.955172413793099,
21,2023-04-26 22:31:00,-0.01637212869043887,1860.00m,-15.15161290322583,
22,2023-04-27 00:26:00,0.04262685467038521,6900.00m,10.460000000000013,
23,2023-04-27 01:24:00,-0.026371243482812348,3480.00m,-13.377586206896577,
24,2023-04-27 05:34:00,0.0210603114538352,15000.00m,2.413199999999997,
25,2023-04-27 06:54:00,-0.019966085006290685,4800.00m,-7.3,
26,2023-04-27 15:21:00,0.027510325965617404,30420.00m,1.5554240631163752,
27,2023-04-27 15:44:00,-0.017050199971481172,1380.00m,-21.834782608695683,
28,2023-04-27 18:44:00,0.03205305332964908,10800.00m,5.155555555555556,
29,2023-04-28 13:53:00,-0.03152275769745654,68940.00m,-0.8197563098346401,
30,2023-04-30 15:30:00,0.03464636586368843,178620.00m,0.3367819952972799,
31,2023-05-01 20:57:00,-0.0761137849148484,106020.00m,-1.2897000565930965,
32,2023-05-02 19:12:00,0.04288585703027277,80100.00m,0.8886142322097373,
33,2023-05-03 15:06:00,-0.023907987007809772,71640.00m,-0.5776381909547714,
34,2023-05-03 17:42:00,0.02171288141371661,9360.00m,3.9192307692307553,
35,2023-05-03 19:10:00,-0.017931998136935183,5280.00m,-5.862499999999975,
36,2023-05-04 10:35:00,0.03910964504015375,55500.00m,1.1945945945945946,
37,2023-05-04 13:40:00,-0.023120757249079592,11100.00m,-3.669189189189205,
38,2023-05-05 02:01:00,0.026973406647815112,44460.00m,1.0439946018893416,
39,2023-05-05 12:33:00,-0.019596858798724803,37920.00m,-0.9132911392405075,
40,2023-05-06 00:38:00,0.03156545980295396,43500.00m,1.2572413793103447,
41,2023-05-06 15:01:00,-0.046233382570162504,51780.00m,-1.5958285052143693,
42,2023-05-07 01:27:00,0.023987356920607657,37560.00m,1.0886581469648562,
43,2023-05-08 08:56:00,-0.04973824689007057,113340.00m,-0.7660137638962414,
44,2023-05-08 15:01:00,0.014707744173512394,21900.00m,1.113972602739732,
45,2023-05-08 20:10:00,-0.02771648266249345,18540.00m,-2.516181229773463,
46,2023-05-09 13:12:00,0.019285483823658814,61320.00m,0.5146771037181996,
47,2023-05-09 16:05:00,-0.01662566006244517,10380.00m,-2.6716763005780386,
48,2023-05-10 13:03:00,0.03473162095529333,75480.00m,0.7547694753577107,
49,2023-05-10 17:21:00,-0.05181757442280564,15480.00m,-5.681395348837206,
50,2023-05-10 20:19:00,0.04054522610255053,10680.00m,6.109550561797753,
51,2023-05-12 06:19:00,-0.06423283911513686,122400.00m,-0.8787745098039219,
52,2023-05-12 14:15:00,0.0180344377352422,28560.00m,0.9894957983193278,
53,2023-05-12 19:28:00,-0.027256964686678452,18780.00m,-2.3153354632587884,
54,2023-05-14 15:09:00,0.048753044890384005,157260.00m,0.4810759252193824,
55,2023-05-15 00:48:00,-0.014533308263192267,34740.00m,-0.6808290155440427,
56,2023-05-15 17:12:00,0.03387991634773299,59040.00m,0.9203252032520309,
57,2023-05-16 01:31:00,-0.02755171827336768,29940.00m,-1.5258517034068093,
58,2023-05-16 08:22:00,0.014765255508132399,24660.00m,0.9654501216544994,
59,2023-05-17 11:44:00,-0.02588492411269243,98520.00m,-0.42990255785627374,
60,2023-05-18 12:15:00,0.03341640065048488,88260.00m,0.6034670292318156,
61,2023-05-18 17:57:00,-0.03950459885256352,20520.00m,-3.1710526315789473,
62,2023-05-19 15:20:00,0.028963137135922357,76980.00m,0.5952455183164463,
63,2023-05-19 15:34:00,-0.016099249217704725,840.00m,-31.19999999999995,
64,2023-05-21 00:58:00,0.02088413891792065,120240.00m,0.2781936127744511,
65,2023-05-22 02:05:00,-0.026236221397014575,90420.00m,-0.4744525547445255,
66,2023-05-23 05:54:00,0.03329263605326822,100140.00m,0.5293588975434392,
67,2023-05-24 15:09:00,-0.04806917351363384,119700.00m,-0.660701754385966,
68,2023-05-24 20:32:00,0.014048301331657935,19380.00m,1.135294117647061,
69,2023-05-25 01:27:00,-0.021949791269196623,17700.00m,-1.9694915254237289,
70,2023-05-29 00:22:00,0.09684995268169262,341700.00m,0.4402633889376645,
71,2023-05-29 17:05:00,-0.030331950499721764,60180.00m,-0.8587238285144558,
72,2023-05-30 10:37:00,0.017563420436180012,63120.00m,0.4596958174904929,
73,2023-05-31 16:07:00,-0.041483897908851756,106200.00m,-0.6566666666666662,
74,2023-06-01 00:16:00,0.01747108632027349,29340.00m,0.9595092024539893,
75,2023-06-01 03:05:00,-0.024962488563586405,10140.00m,-4.036094674556205,
76,2023-06-01 16:56:00,0.018151177236712165,49860.00m,0.5819494584837528,
77,2023-06-02 00:38:00,-0.022336092013344938,27720.00m,-1.3114718614718648,
78,2023-06-04 22:16:00,0.03288764205938029,250680.00m,0.20876017233125915,
79,2023-06-05 16:03:00,-0.06796311439502353,64020.00m,-1.7447985004686044,
80,2023-06-05 16:17:00,0.015949175711191477,840.00m,29.08571428571434,
81,2023-06-05 19:27:00,-0.020336722144473615,11400.00m,-2.776315789473684,
82,2023-06-05 23:29:00,0.016957356714467922,14520.00m,1.7805785123967002,
83,2023-06-06 12:11:00,-0.016353413281634033,45720.00m,-0.5545931758530213,
84,2023-06-07 00:45:00,0.07699721862693805,45240.00m,2.595755968169762,
85,2023-06-07 10:02:00,-0.03611152712382603,33420.00m,-1.7748653500897638,
86,2023-06-07 11:32:00,0.021229588027755382,5400.00m,6.224444444444453,
87,2023-06-07 21:59:00,-0.029909566237072274,37620.00m,-1.2854864433811801,
88,2023-06-08 15:53:00,0.024179573787674137,64440.00m,0.5885474860335181,
89,2023-06-09 02:24:00,-0.016911929483827567,37860.00m,-0.7175911251980971,
90,2023-06-09 13:23:00,0.016522802911721268,39540.00m,0.6599393019726826,
91,2023-06-10 05:51:00,-0.04851603933308661,59280.00m,-1.3138663967611321,
92,2023-06-10 17:44:00,0.026317856862282975,42780.00m,0.9396914446002805,
93,2023-06-10 18:58:00,-0.023170545009185604,4440.00m,-8.1810810810811,
94,2023-06-11 20:11:00,0.025502887636839566,90780.00m,0.430204890945143,
95,2023-06-12 02:49:00,-0.01969167287523646,23880.00m,-1.294974874371863,
96,2023-06-12 09:09:00,0.015702643609620412,22800.00m,1.0602631578947406,
97,2023-06-12 17:23:00,-0.015805226200069123,29640.00m,-0.8338056680161974,
98,2023-06-13 12:31:00,0.028375264629168388,68880.00m,0.6339721254355426,
99,2023-06-15 11:17:00,-0.057940849758690474,168360.00m,-0.5446543121881693,
100,2023-06-15 21:33:00,0.036183125005030556,36960.00m,1.4595779220779257,
101,2023-06-16 14:46:00,-0.019046361422573724,61980.00m,-0.47473378509196656,
102,2023-06-17 06:23:00,0.05946795579891754,56220.00m,1.6029882604055496,
103,2023-06-19 00:54:00,-0.017197759283688316,153060.00m,-0.18039984319874586,
104,2023-06-19 18:15:00,0.026422957439608256,62460.00m,0.6675312199807891,
105,2023-06-19 19:00:00,-0.021589982959176086,2700.00m,-12.951111111111095,
106,2023-06-20 01:14:00,0.027211940388925937,22440.00m,1.9216577540106972,
107,2023-06-20 14:29:00,-0.017357233163410164,47700.00m,-0.5923270440251591,
108,2023-06-21 16:35:00,0.15329532240519153,93960.00m,2.609642401021712,
109,2023-06-21 21:43:00,-0.030368474290713845,18480.00m,-3.0314935064935087,
110,2023-06-22 02:57:00,0.022460754058768233,18840.00m,2.1324840764331165,
111,2023-06-22 11:56:00,-0.02008424754606048,32340.00m,-1.1358070500927588,
112,2023-06-22 13:48:00,0.015273155804937396,6720.00m,4.0732142857142595,
113,2023-06-22 14:54:00,-0.022274909647294696,3960.00m,-10.234848484848484,
114,2023-06-23 16:08:00,0.058380916084600054,90840.00m,1.14332892998679,
115,2023-06-23 16:23:00,-0.01860036773726852,900.00m,-38.91333333333314,
116,2023-06-23 17:58:00,0.014663575496632785,5700.00m,4.7536842105263,
117,2023-06-24 16:03:00,-0.03053537713206825,79500.00m,-0.720150943396227,
118,2023-06-25 04:38:00,0.02426489034421756,45300.00m,0.9736423841059632,
119,2023-06-26 01:20:00,-0.03287152069455589,74520.00m,-0.821256038647343,
120,2023-06-26 07:14:00,0.018290630758516283,21240.00m,1.5505649717514063,
121,2023-06-26 10:09:00,-0.014077777923216904,10500.00m,-2.458285714285718,
122,2023-06-26 13:59:00,0.016681823914818553,13800.00m,2.185217391304357,
123,2023-06-26 17:16:00,-0.022460758964715714,11820.00m,-3.4923857868020303,
124,2023-06-27 14:08:00,0.03493948542573942,75120.00m,0.8356230031948887,
125,2023-06-28 13:04:00,-0.030939611609130956,82560.00m,-0.6968023255813974,
126,2023-06-28 14:42:00,0.014421956271270044,5880.00m,4.419387755102063,
127,2023-06-28 19:31:00,-0.018576207092375563,17340.00m,-1.9581314878892784,
128,2023-06-29 13:17:00,0.030774839620306586,63960.00m,0.8631332082551615,
129,2023-06-29 20:24:00,-0.01712965516793816,25620.00m,-1.236299765807966,
130,2023-06-30 04:51:00,0.03215582700561241,30420.00m,1.921104536489152,
131,2023-06-30 06:35:00,-0.020598771750255887,6240.00m,-6.1923076923076925,
132,2023-06-30 12:31:00,0.015395166557805404,21360.00m,1.3241573033707905,
133,2023-06-30 13:47:00,-0.04782351389773382,4560.00m,-19.564473684210544,
134,2023-06-30 17:22:00,0.03654849769460724,12900.00m,5.032558139534884,
135,2023-07-02 15:23:00,-0.014420021833705375,165660.00m,-0.16026801883375588,
136,2023-07-03 19:51:00,0.037035445046951415,102480.00m,0.6557962529273996,
137,2023-07-05 13:29:00,-0.036513083429781094,149880.00m,-0.45844675740592356,
138,2023-07-06 09:00:00,0.041460807640251555,70260.00m,1.069940222032449,
139,2023-07-06 14:40:00,-0.050515064279767895,20400.00m,-4.675882352941175,
140,2023-07-06 16:06:00,0.018974633558664078,5160.00m,6.593023255813954,
141,2023-07-07 00:03:00,-0.02295641893001412,28620.00m,-1.4654088050314464,
142,2023-07-07 16:12:00,0.02267899159663868,58140.00m,0.6962848297213629,
143,2023-07-10 00:17:00,-0.015250766646836287,201900.00m,-0.13789004457652304,
144,2023-07-10 20:07:00,0.03487234944443886,71400.00m,0.8779831932773102,
145,2023-07-10 21:57:00,-0.02627275805905399,6600.00m,-7.405454545454532,
146,2023-07-12 12:30:00,0.024603440109436926,138780.00m,0.3211413748378726,
147,2023-07-12 19:36:00,-0.022932917821017255,25560.00m,-1.6652582159624447,
148,2023-07-13 19:31:00,0.052646380561336435,86100.00m,1.1088501742160284,
149,2023-07-13 21:21:00,-0.023076802187612978,6600.00m,-6.674545454545462,
150,2023-07-14 03:17:00,0.016019278472908193,21360.00m,1.3985955056179815,
151,2023-07-14 19:04:00,-0.051923417945989786,56820.00m,-1.7314677930306237,
152,2023-07-16 15:09:00,0.015748425992418044,158700.00m,0.1782608695652174,
153,2023-07-17 18:48:00,-0.024842984446417415,99540.00m,-0.4553948161543098,
154,2023-07-17 21:57:00,0.020444774156564524,11340.00m,3.207936507936504,
155,2023-07-18 16:48:00,-0.023709759498774033,67860.00m,-0.634394341290893,
156,2023-07-20 10:41:00,0.028915899175136973,150780.00m,0.33995224830879395,
157,2023-07-20 18:29:00,-0.026590040330804685,28080.00m,-1.7271367521367507,
158,2023-07-23 19:10:00,0.02458575952254624,261660.00m,0.16681953680348544,
159,2023-07-24 15:10:00,-0.04630613039204685,72000.00m,-1.169916666666665,
160,2023-07-26 20:54:00,0.025479094829822233,193440.00m,0.2285049627791554,
161,2023-07-27 18:39:00,-0.01902491011986262,78300.00m,-0.43226053639846634,
162,2023-07-28 15:21:00,0.01507228439310338,74520.00m,0.3529790660225454,
163,2023-07-30 20:02:00,-0.016494552056061155,189660.00m,-0.15406516925023728,
164,2023-07-31 00:44:00,0.015662289628382193,16920.00m,1.612765957446806,
165,2023-08-01 15:30:00,-0.02815611998901428,139560.00m,-0.3570077386070514,
166,2023-08-02 01:32:00,0.04673386294889105,36120.00m,2.225083056478405,
167,2023-08-02 16:55:00,-0.03523455259351101,55380.00m,-1.1452871072589366,
168,2023-08-03 15:00:00,0.01568508224303586,79500.00m,0.34264150943396227,
169,2023-08-07 16:15:00,-0.023766357015786437,350100.00m,-0.11974293059125976,
170,2023-08-08 21:21:00,0.05121951219512195,104760.00m,0.8419243986254296,
171,2023-08-09 02:41:00,-0.016997016904209454,19200.00m,-1.6024999999999978,
172,2023-08-09 13:00:00,0.015621838878923136,37140.00m,0.7484652665589648,
173,2023-08-14 02:20:00,-0.033840739695556156,393600.00m,-0.1553810975609755,
174,2023-08-14 16:49:00,0.020054155842370712,52140.00m,0.67157652474108,
175,2023-08-17 21:44:00,-0.16441747965288636,276900.00m,-1.057573131094258,
176,2023-08-17 23:07:00,0.08549393043891947,4980.00m,25.549397590361473,
177,2023-08-18 04:25:00,-0.02843857127470318,19080.00m,-2.4078616352201276,
178,2023-08-18 06:14:00,0.016556443289116502,6540.00m,3.9733944954128306,
179,2023-08-18 17:22:00,-0.03422445011864421,40080.00m,-1.3624251497005966,
180,2023-08-18 18:49:00,0.023518417568725178,5220.00m,6.942528735632184,
181,2023-08-19 07:18:00,-0.0187704481473028,44940.00m,-0.6587449933244345,
182,2023-08-20 20:44:00,0.017733768600296268,134760.00m,0.2036509349955483,
183,2023-08-21 15:27:00,-0.015885714285714284,67380.00m,-0.371326803205699,
184,2023-08-21 21:35:00,0.015054387798552296,22080.00m,1.0567934782608734,
185,2023-08-22 21:27:00,-0.027301606672285435,85920.00m,-0.49993016759776643,
186,2023-08-23 19:48:00,0.05065866854857675,80460.00m,0.9635346756152114,
187,2023-08-25 14:56:00,-0.03734966284923177,155280.00m,-0.3867465224111274,
188,2023-08-29 16:27:00,0.08713736374490245,351060.00m,0.3841907366262174,
189,2023-08-30 15:04:00,-0.03531454692620094,81420.00m,-0.7298452468680897,
190,2023-08-31 11:42:00,0.01536516760488938,74280.00m,0.33578352180937054,
191,2023-08-31 21:08:00,-0.06393427106995175,33960.00m,-3.1030035335689097,
192,2023-09-01 12:23:00,0.016154561116274786,54900.00m,0.453989071038253,
193,2023-09-01 17:41:00,-0.029663789969191855,19080.00m,-2.437421383647794,
194,2023-09-03 20:51:00,0.02883128766604613,184200.00m,0.23811074918566774,
195,2023-09-06 17:07:00,-0.02596854945678431,245760.00m,-0.16538085937500036,
196,2023-09-06 17:56:00,0.021843513853904283,2940.00m,11.326530612244898,
197,2023-09-06 19:10:00,-0.01469013596271623,4440.00m,-5.154054054054074,
198,2023-09-08 00:57:00,0.03242174062607505,107220.00m,0.46412982652490287,
199,2023-09-10 19:40:00,-0.02954072166900158,240180.00m,-0.19490382213340013,
200,2023-09-10 22:32:00,0.014708865895719214,10320.00m,2.191860465116279,
201,2023-09-11 20:01:00,-0.04230269380724247,77340.00m,-0.8535298681148182,
202,2023-09-12 16:30:00,0.061679969166037796,73740.00m,1.2500406834825086,
203,2023-09-13 00:06:00,-0.025835826031712444,27360.00m,-1.4982456140350893,
204,2023-09-14 01:04:00,0.029785681289716478,89880.00m,0.5122162883845123,
205,2023-09-14 01:22:00,-0.014871079613992762,1080.00m,-21.916666666666668,
206,2023-09-14 18:35:00,0.02321541316700789,61980.00m,0.5873184898354314,
207,2023-09-15 14:47:00,-0.019345405045586767,72720.00m,-0.42681518151815123,
208,2023-09-15 23:08:00,0.023227789451204805,30060.00m,1.2157684630738494,
209,2023-09-17 21:12:00,-0.016331246273106767,165840.00m,-0.15853835021707696,
210,2023-09-18 13:03:00,0.037853586827209504,57060.00m,1.0505783385909593,
211,2023-09-18 18:42:00,-0.027751716685710557,20340.00m,-2.242477876106197,
212,2023-09-19 09:41:00,0.02889305252565455,53940.00m,0.8559510567296996,
213,2023-09-19 14:02:00,-0.01830145024852019,15660.00m,-1.921455938697318,
214,2023-09-19 15:36:00,0.02098086666889701,5640.00m,6.004255319148913,
215,2023-09-20 19:19:00,-0.02375378207252105,99780.00m,-0.3923030667468418,
216,2023-09-20 21:25:00,0.015496387905731239,7560.00m,3.2976190476190474,
217,2023-09-25 11:36:00,-0.04462285424670011,396660.00m,-0.18378460142187264,
218,2023-09-27 12:02:00,0.03143788538126794,174360.00m,0.2814177563661388,
219,2023-09-27 18:07:00,-0.026815996422049123,21900.00m,-1.9712328767123288,
220,2023-09-28 16:25:00,0.04336403500373396,80280.00m,0.8462630792227199,
221,2023-09-29 14:09:00,-0.01931815679163697,78240.00m,-0.403604294478527,
222,2023-10-01 22:17:00,0.056449892392626586,202080.00m,0.44780285035629475,
223,2023-10-01 22:20:00,-0.016754234615970604,180.00m,-157.6333333333338,
224,2023-10-02 13:59:00,0.028364705543224494,56340.00m,0.8383386581469657,
225,2023-10-03 20:06:00,-0.04598107918710579,108420.00m,-0.7262313226342,
226,2023-10-05 14:20:00,0.030942753152120816,152040.00m,0.3324782951854775,
227,2023-10-05 17:19:00,-0.025407727768238228,10740.00m,-3.9843575418994455,
228,2023-10-06 10:35:00,0.015502430822093013,62160.00m,0.4093629343629329,
229,2023-10-06 13:00:00,-0.020924297454024472,8700.00m,-4.008965517241374,
230,2023-10-06 21:38:00,0.038081162361487925,31080.00m,1.999613899613898,
231,2023-10-09 16:43:00,-0.03430421170437315,241500.00m,-0.24064596273291888,
232,2023-10-09 18:30:00,0.016452121612205176,6420.00m,4.192523364485968,
233,2023-10-11 17:49:00,-0.042218100997272245,170340.00m,-0.4121521662557233,
234,2023-10-16 13:30:00,0.13412442786913042,416460.00m,0.5129520242040054,
235,2023-10-16 13:49:00,-0.07491222650709671,1140.00m,-118.70000000000016,
236,2023-10-16 19:08:00,0.03339245833123883,19140.00m,2.915360501567398,
237,2023-10-17 04:07:00,-0.024554734786627005,32340.00m,-1.3111317254174342,
238,2023-10-17 10:21:00,0.018397871332447576,22440.00m,1.3810160427807487,
239,2023-10-17 13:48:00,-0.015564665062398567,12420.00m,-2.1497584541062804,
240,2023-10-18 04:57:00,0.024185124389775846,54540.00m,0.7488448844884457,
241,2023-10-19 01:44:00,-0.024894106382757245,74820.00m,-0.5754611066559732,
242,2023-10-20 10:40:00,0.07097497198356369,118560.00m,1.0096153846153846,
243,2023-10-20 17:09:00,-0.024528709286295663,23340.00m,-1.8982005141388212,
244,2023-10-21 19:01:00,0.029582735968888264,93120.00m,0.5597293814432994,
245,2023-10-22 07:40:00,-0.01872738458281793,45540.00m,-0.7459815546772078,
246,2023-10-23 06:11:00,0.04272674567541703,81060.00m,0.938267949666915,
247,2023-10-23 09:46:00,-0.018752101166309,12900.00m,-2.698139534883731,
248,2023-10-23 17:07:00,0.030416635095914787,26460.00m,2.0936507936508,
249,2023-10-23 18:45:00,-0.016324364417617337,5880.00m,-5.210204081632675,
250,2023-10-23 22:42:00,0.1274254252822757,14220.00m,16.542616033755284,
251,2023-10-23 23:11:00,-0.05656646025760775,1740.00m,-67.66206896551726,
252,2023-10-23 23:23:00,0.015412727417176385,720.00m,42.033333333333154,
253,2023-10-23 23:39:00,-0.016740594512286846,960.00m,-34.768749999999955,
254,2023-10-24 02:26:00,0.07750127776264523,10020.00m,15.163473053892211,
255,2023-10-24 03:59:00,-0.032252475388137455,5580.00m,-12.209677419354838,
256,2023-10-24 05:29:00,0.014962827733768587,5400.00m,5.664444444444476,
257,2023-10-24 07:33:00,-0.024244597451194196,7440.00m,-6.761290322580657,
258,2023-10-24 11:19:00,0.03387419426539231,13560.00m,5.057522123893805,
259,2023-10-24 15:39:00,-0.04565507159134876,15600.00m,-6.12576923076922,
260,2023-10-24 16:34:00,0.029300629565551708,3300.00m,17.736363636363638,
261,2023-10-24 18:25:00,-0.02474006589180096,6660.00m,-7.637837837837864,
262,2023-10-25 01:37:00,0.02894929758681049,25920.00m,2.2395833333333335,
263,2023-10-25 07:46:00,-0.01942247295568226,22140.00m,-1.8100271002710067,
264,2023-10-25 16:16:00,0.04193048063321288,30600.00m,2.7723529411764734,
265,2023-10-26 16:54:00,-0.03862355553025559,88680.00m,-0.9181326116373477,
266,2023-10-26 23:19:00,0.014897711460461174,23100.00m,1.3070129870129796,
267,2023-10-27 18:31:00,-0.025274064912106528,69120.00m,-0.7520833333333283,
268,2023-10-29 17:52:00,0.040555099988627406,170460.00m,0.4769799366420269,
269,2023-10-30 08:03:00,-0.017248172936158587,51060.00m,-0.7047003525264446,
270,2023-10-30 12:29:00,0.019505870784215024,15960.00m,2.505639097744361,
271,2023-10-30 17:19:00,-0.020611039824088507,17400.00m,-2.475862068965517,
272,2023-10-31 00:43:00,0.014584804954613173,26640.00m,1.120720720720734,
273,2023-10-31 08:06:00,-0.015259148411251797,26580.00m,-1.1923250564334185,
274,2023-11-01 13:21:00,0.03234948118203087,105300.00m,0.6283190883190908,
275,2023-11-01 14:56:00,-0.029534126366163004,5700.00m,-10.940000000000031,
276,2023-11-02 02:47:00,0.05199923866414849,42660.00m,2.497609001406474,
277,2023-11-02 16:30:00,-0.04282656438319576,49380.00m,-1.86950182260025,
278,2023-11-02 20:18:00,0.0202368870264659,13680.00m,3.052192982456147,
279,2023-11-03 10:19:00,-0.027038274293402005,50460.00m,-1.127942925089178,
280,2023-11-03 15:36:00,0.020688442947121636,19020.00m,2.2277602523659215,
281,2023-11-03 17:44:00,-0.014445541485367773,7680.00m,-3.932031249999966,
282,2023-11-05 04:02:00,0.028682592703688968,123480.00m,0.47857142857142926,
283,2023-11-05 21:52:00,-0.02181027551609729,64200.00m,-0.7200000000000013,
284,2023-11-05 23:04:00,0.023040367673446666,4320.00m,11.056944444444424,
285,2023-11-06 05:30:00,-0.0169314115167546,23160.00m,-1.5505181347150259,
286,2023-11-06 10:39:00,0.015611510791366906,18540.00m,1.755663430420712,
287,2023-11-07 12:12:00,-0.021287809024580377,91980.00m,-0.4900848010437071,
288,2023-11-07 20:56:00,0.03895058654592202,31440.00m,2.5675572519084,
289,2023-11-08 15:25:00,-0.0205675656094475,66540.00m,-0.6655545536519374,
290,2023-11-08 23:45:00,0.027366743957779178,30000.00m,1.9238000000000028,
291,2023-11-09 00:06:00,-0.014907062785236467,1260.00m,-25.63333333333347,
292,2023-11-09 14:53:00,0.06832039716519415,53220.00m,2.7399098083427313,
293,2023-11-09 16:37:00,-0.05797265435867204,6240.00m,-21.18365384615383,
294,2023-11-09 17:57:00,0.02498372873212588,4800.00m,11.179999999999927,
295,2023-11-09 20:35:00,-0.014667367967798208,9480.00m,-3.4063291139240324,
296,2023-11-10 03:13:00,0.021642626986212332,23880.00m,1.9660804020100502,
297,2023-11-10 08:17:00,-0.015076614868157492,18240.00m,-1.8319078947368468,
298,2023-11-10 23:16:00,0.030834691639340286,53940.00m,1.2478309232480567,
299,2023-11-11 22:12:00,-0.019006530161667576,82560.00m,-0.5180232558139556,
300,2023-11-13 01:18:00,0.016944775904387362,97560.00m,0.3833948339483404,
301,2023-11-14 00:58:00,-0.03135766501396547,85200.00m,-0.8261971830985895,
302,2023-11-14 08:55:00,0.014826036208309412,28620.00m,1.1264150943396134,
303,2023-11-14 18:53:00,-0.053850713477769076,35880.00m,-3.3118729096989967,
304,2023-11-15 18:23:00,0.07492003643981826,84600.00m,1.848936170212766,
305,2023-11-15 18:24:00,-0.016083798300186306,60.00m,-601.5999999999985,
306,2023-11-15 23:56:00,0.031747843217172785,19920.00m,3.5192771084337395,
307,2023-11-16 19:39:00,-0.06454679767927549,70980.00m,-2.071766694843619,
308,2023-11-17 02:29:00,0.031813063063063064,24600.00m,2.7560975609756095,
309,2023-11-17 14:54:00,-0.020248294679399686,44700.00m,-0.9961073825503337,
310,2023-11-19 23:42:00,0.044786801790135236,204480.00m,0.4718896713615015,
311,2023-11-20 14:14:00,-0.016688834926871357,52320.00m,-0.7180045871559617,
312,2023-11-20 16:04:00,0.02032800216860942,6600.00m,6.817272727272741,
313,2023-11-20 17:28:00,-0.018868275420498043,5040.00m,-8.454761904761957,
314,2023-11-20 17:51:00,0.022737796407769476,1380.00m,36.508695652174104,
315,2023-11-21 15:12:00,-0.03970409908550304,76860.00m,-1.170647931303668,
316,2023-11-21 17:21:00,0.03366988513860007,7740.00m,9.466666666666645,
317,2023-11-22 00:00:00,-0.04723000186711469,23940.00m,-4.437844611528815,
318,2023-11-22 21:31:00,0.05996870127070597,77460.00m,1.6592563903950415,
319,2023-11-23 15:54:00,-0.024818817613252313,66180.00m,-0.8519492293744374,
320,2023-11-24 15:39:00,0.03973978067692783,85500.00m,1.0296842105263178,
321,2023-11-26 17:01:00,-0.032466788226100586,177720.00m,-0.42079675894665813,
322,2023-11-26 22:10:00,0.016032371660259104,18540.00m,1.9271844660194175,
323,2023-11-27 15:59:00,-0.026389076581052582,64140.00m,-0.9316183348924242,
324,2023-11-28 19:42:00,0.043640728080297855,99780.00m,0.9642212868310283,
325,2023-11-29 00:15:00,-0.017659929016056067,16380.00m,-2.48058608058607,
326,2023-11-29 08:57:00,0.01807032214390945,31320.00m,1.3040229885057417,
327,2023-11-29 15:13:00,-0.02012245046961938,22560.00m,-2.0523936170212687,
328,2023-11-30 04:15:00,0.014644011868488708,46920.00m,0.7037084398977019,
329,2023-11-30 15:48:00,-0.01591710203310887,41580.00m,-0.8757575757575778,
330,2023-12-01 10:04:00,0.034081429778342665,65760.00m,1.1667883211678791,
331,2023-12-01 14:18:00,-0.01441984294097787,15240.00m,-2.202755905511811,
332,2023-12-04 11:01:00,0.10190841291591284,247380.00m,0.9452097986902754,
333,2023-12-04 15:34:00,-0.022504467432241045,16380.00m,-3.473626373626384,
334,2023-12-04 22:19:00,0.029327506676377763,24300.00m,2.982716049382716,
335,2023-12-05 07:44:00,-0.02289494787489969,33900.00m,-1.7180530973451276,
336,2023-12-05 18:43:00,0.06491130245031654,39540.00m,4.080576631259482,
337,2023-12-05 20:21:00,-0.014772284229900998,5880.00m,-6.650000000000045,
338,2023-12-05 22:29:00,0.02217201545161946,7680.00m,7.528906250000034,
339,2023-12-06 06:20:00,-0.021661819916990066,28260.00m,-2.043312101910831,
340,2023-12-06 10:33:00,0.018757189527446805,15180.00m,3.222529644268786,
341,2023-12-06 11:34:00,-0.017323339649016757,3660.00m,-12.575409836065669,
342,2023-12-06 14:28:00,0.017860836232770093,10440.00m,4.466666666666692,
343,2023-12-07 09:27:00,-0.0316381961283681,68340.00m,-1.2302897278314335,
344,2023-12-07 15:31:00,0.02435527079675726,21840.00m,2.8697802197802154,
345,2023-12-07 19:44:00,-0.019062381215758845,15180.00m,-3.3102766798418974,
346,2023-12-08 21:25:00,0.03823450247347863,92460.00m,1.0693056456846222,
347,2023-12-11 02:12:00,-0.08528103698737292,190020.00m,-1.2048942216608782,
348,2023-12-11 03:41:00,0.039502456687295906,5340.00m,18.16629213483149,
349,2023-12-11 05:46:00,-0.02096324205152556,7500.00m,-7.135200000000011,
350,2023-12-11 10:01:00,0.019993277956498846,15300.00m,3.2658823529411882,
351,2023-12-11 19:40:00,-0.051178248303002376,34740.00m,-3.7554404145077744,
352,2023-12-12 08:47:00,0.04429406336511839,47220.00m,2.268869123252857,
353,2023-12-12 17:59:00,-0.032388712052829116,33120.00m,-2.470108695652174,
354,2023-12-12 23:35:00,0.020410217383299206,20160.00m,2.474404761904766,
355,2023-12-13 04:19:00,-0.020788675332423897,17040.00m,-3.0426056338028116,
356,2023-12-13 22:15:00,0.06802893238136873,64560.00m,2.573327137546463,
357,2023-12-14 03:38:00,-0.018315785115031437,19380.00m,-2.465015479876152,
358,2023-12-14 12:00:00,0.015597136463227421,30120.00m,1.3258964143426266,
359,2023-12-14 13:31:00,-0.033073297015927546,5460.00m,-15.751648351648369,
360,2023-12-14 17:48:00,0.03571982523081039,15420.00m,5.824513618677049,
361,2023-12-15 15:46:00,-0.03877097752260171,79080.00m,-1.2767830045523487,
362,2023-12-16 16:44:00,0.024127054131272613,89880.00m,0.6719626168224289,
363,2023-12-17 14:35:00,-0.025718859560843896,78660.00m,-0.8382151029748296,
364,2023-12-17 17:14:00,0.019902230443085867,9540.00m,5.210691823899371,
365,2023-12-18 10:37:00,-0.04416939491721042,62580.00m,-1.7979865771812107,
366,2023-12-18 14:49:00,0.029338347087480465,15120.00m,4.724603174603198,
367,2023-12-18 16:09:00,-0.014219949583815112,4800.00m,-7.425,
368,2023-12-19 02:00:00,0.05449472173450579,35460.00m,3.796954314720812,
369,2023-12-19 18:00:00,-0.03585254581171432,57600.00m,-1.6216666666666697,
370,2023-12-20 15:14:00,0.05886230906116021,76440.00m,1.934301412872844,
371,2023-12-20 16:57:00,-0.018236039864831365,6180.00m,-7.848543689320403,
372,2023-12-20 19:00:00,0.01758904814642911,7380.00m,6.223577235772358,
373,2023-12-20 20:08:00,-0.022997771349992886,4080.00m,-14.977941176470589,
374,2023-12-21 13:55:00,0.023400449288626342,64020.00m,0.9489222118088098,
375,2023-12-21 17:50:00,-0.019559223051021965,14100.00m,-3.6855319148936108,
376,2023-12-22 06:34:00,0.023823673033159097,45840.00m,1.3537958115183188,
377,2023-12-22 14:25:00,-0.02260788182437893,28260.00m,-2.1335456475583894,
378,2023-12-22 23:35:00,0.014655581182298314,33000.00m,1.1576363636363716,
379,2023-12-23 04:12:00,-0.01728412986123245,16620.00m,-2.7505415162454927,
380,2023-12-24 04:11:00,0.015145778988434602,86340.00m,0.45594162612925543,
381,2023-12-24 22:16:00,-0.028163665346980452,65100.00m,-1.1414746543778802,
382,2023-12-25 13:02:00,0.025949654394593864,53160.00m,1.2516930022573363,
383,2023-12-26 17:39:00,-0.04582215775357159,103020.00m,-1.170122306348281,
384,2023-12-28 00:38:00,0.047644998984140714,111540.00m,1.0722431414739122,
385,2023-12-29 01:41:00,-0.036970280494093094,90180.00m,-1.0781104457751174,
386,2023-12-29 14:42:00,0.022435760754713405,46860.00m,1.2125480153649169,
387,2023-12-29 22:21:00,-0.03799436468287448,27540.00m,-3.5723311546841057,
388,2023-12-30 00:27:00,0.017419496250906368,7560.00m,5.739682539682574,
389,2023-12-30 09:44:00,-0.01568895759696411,33420.00m,-1.18976660682227,
390,2023-12-30 17:31:00,0.02562462118661193,28020.00m,2.281370449678804,
391,2023-12-31 02:51:00,-0.014368260847134018,33600.00m,-1.0941071428571376,
392,2023-12-31 09:45:00,0.021015990996885447,24840.00m,2.1335748792270426,
393,2023-12-31 23:21:00,-0.018858999095849194,48960.00m,-0.9917892156862692,
394,2024-01-02 01:08:00,0.07895468115780238,92820.00m,2.1488687782805402,
395,2024-01-02 01:49:00,-0.014664899775910054,2460.00m,-16.248780487804808,
396,2024-01-02 09:06:00,0.026115901881059826,26220.00m,2.675057208237986,
397,2024-01-02 21:09:00,-0.026413533343493438,43380.00m,-1.6780082987551828,
398,2024-01-03 09:39:00,0.01819186095917062,45000.00m,1.0846666666666667,
399,2024-01-03 12:09:00,-0.11189006244056286,9000.00m,-33.96333333333333,
400,2024-01-03 12:59:00,0.05833794959047204,3000.00m,47.18,
401,2024-01-03 14:37:00,-0.016417498913444913,5880.00m,-7.1693877551021,
402,2024-01-03 16:03:00,0.034060133228169975,5160.00m,16.67093023255819,
403,2024-01-03 19:02:00,-0.02951967633808062,10740.00m,-7.178212290502802,
404,2024-01-04 22:18:00,0.058664362482836956,98160.00m,1.5147310513447425,
405,2024-01-05 01:48:00,-0.04917251973944602,12600.00m,-10.471428571428572,
406,2024-01-05 09:05:00,0.040311751107097386,26220.00m,3.9224256292906143,
407,2024-01-05 17:09:00,-0.025108962997793548,29040.00m,-2.294834710743796,
408,2024-01-05 23:06:00,0.027281475727254808,21420.00m,3.295518207282913,
409,2024-01-06 07:02:00,-0.01966547030541065,28560.00m,-1.83025210084033,
410,2024-01-07 14:07:00,0.0239812294783766,111900.00m,0.5584450402144772,
411,2024-01-08 02:53:00,-0.02831489072727814,45960.00m,-1.6438642297650188,
412,2024-01-08 12:15:00,0.045538171021542645,33720.00m,3.5014234875444896,
413,2024-01-08 12:29:00,-0.014940272112156068,840.00m,-48.214285714285715,
414,2024-01-08 21:41:00,0.060847232551921246,33120.00m,4.905797101449275,
415,2024-01-09 12:56:00,-0.029794823025063158,54900.00m,-1.5373770491803327,
416,2024-01-09 21:14:00,0.04753941606158131,29880.00m,4.37269076305222,
417,2024-01-09 21:26:00,-0.05741937904042623,720.00m,-229.60000000000036,
418,2024-01-09 21:41:00,0.023173390288445776,900.00m,69.87333333333324,
419,2024-01-09 22:03:00,-0.02054381578634598,1320.00m,-43.21363636363623,
420,2024-01-09 22:59:00,0.02040109429466525,3360.00m,16.51249999999995,
421,2024-01-10 13:00:00,-0.03928156763032767,50460.00m,-2.160285374554097,
422,2024-01-10 19:06:00,0.05112087842840714,21960.00m,6.206284153005464,
423,2024-01-10 20:22:00,-0.027050405306452818,4560.00m,-16.623684210526335,
424,2024-01-10 20:42:00,0.015375643677654968,1200.00m,34.93499999999985,
425,2024-01-10 20:50:00,-0.01490874650796356,480.00m,-85.98749999999927,
426,2024-01-10 21:07:00,0.01815069698676429,1020.00m,48.529411764705884,
427,2024-01-10 21:39:00,-0.0216043113544724,1920.00m,-31.24375000000009,
428,2024-01-10 23:16:00,0.05222403816422984,5820.00m,24.37731958762885,
429,2024-01-11 06:18:00,-0.04098013122709511,25320.00m,-4.6265402843601935,
430,2024-01-11 14:49:00,0.07042866960529832,30660.00m,6.297260273972606,
431,2024-01-11 17:28:00,-0.0645762153917244,9540.00m,-19.86352201257859,
432,2024-01-11 20:14:00,0.02628645371127302,9960.00m,7.244578313253003,
433,2024-01-12 09:29:00,-0.02831378161712716,47700.00m,-1.672201257861637,
434,2024-01-12 11:30:00,0.014150757293470366,7260.00m,5.335537190082633,
435,2024-01-12 16:54:00,-0.06469830511405143,19440.00m,-9.239197530864198,
436,2024-01-12 20:39:00,0.016482919739064794,13500.00m,3.1702222222222347,
437,2024-01-12 22:21:00,-0.051765920106209784,6120.00m,-22.324509803921554,
438,2024-01-13 07:24:00,0.03706669415721875,32580.00m,2.8473296500920786,
439,2024-01-13 12:17:00,-0.016355583090985587,17580.00m,-2.4146757679180886,
440,2024-01-13 15:34:00,0.016510027050592364,11820.00m,3.565989847715736,
441,2024-01-15 00:01:00,-0.03531364733517681,116820.00m,-0.7844889573703141,
442,2024-01-15 13:52:00,0.02919592570401431,49860.00m,1.4659446450060134,
443,2024-01-15 14:55:00,-0.017562734030067556,3780.00m,-11.971428571428525,
444,2024-01-15 18:46:00,0.027421839816065833,13860.00m,5.008225108225114,
445,2024-01-15 22:17:00,-0.021889036794714215,12660.00m,-4.496682464454991,
446,2024-01-16 12:59:00,0.01799651391250817,52920.00m,0.8650793650793651,
447,2024-01-16 14:44:00,-0.024390582968992127,6300.00m,-10.025714285714258,
448,2024-01-16 21:38:00,0.034554496359309766,24840.00m,3.5144927536231885,
449,2024-01-17 17:05:00,-0.030273814114924864,70020.00m,-1.1300771208226246,
450,2024-01-18 08:01:00,0.016295959624653238,53760.00m,0.7683035714285731,
451,2024-01-18 20:35:00,-0.052233765023758504,45240.00m,-2.9741379310344827,
452,2024-01-19 00:05:00,0.016475995035574325,12600.00m,3.192380952380959,
453,2024-01-19 03:32:00,-0.014900906433526264,12420.00m,-2.977294685990352,
454,2024-01-19 07:03:00,0.019573626287318745,12660.00m,3.779620853080569,
455,2024-01-19 16:45:00,-0.02929628729138131,34920.00m,-2.09106529209622,
456,2024-01-19 20:14:00,0.045479006351040734,12540.00m,8.774641148325367,
457,2024-01-22 10:29:00,-0.04226718535034872,224100.00m,-0.47708165997322666,
458,2024-01-22 13:11:00,0.021314589571553435,9720.00m,5.312345679012338,
459,2024-01-22 19:42:00,-0.04355586164751298,23460.00m,-4.593606138107413,
460,2024-01-22 20:36:00,0.021858186741580975,3240.00m,15.964814814814789,
461,2024-01-22 23:53:00,-0.019812568388718376,11820.00m,-4.053299492385787,
462,2024-01-23 04:26:00,0.01653748209051197,16380.00m,2.3930402930403036,
463,2024-01-23 14:23:00,-0.03976592168337176,35820.00m,-2.674874371859299,
464,2024-01-23 18:16:00,0.028028609513337525,13980.00m,4.638626609442072,
465,2024-01-23 19:10:00,-0.015662918060411625,3240.00m,-11.498148148148175,
466,2024-01-24 00:53:00,0.030891454491869696,20580.00m,3.5142857142857182,
467,2024-01-24 03:35:00,-0.016360106299672564,9720.00m,-4.062345679012337,
468,2024-01-24 10:49:00,0.023041463007799197,26040.00m,2.100691244239625,
469,2024-01-24 20:56:00,-0.023779937993305217,36420.00m,-1.5858319604612827,
470,2024-01-25 11:33:00,0.019070321811680533,52620.00m,0.8592930444697818,
471,2024-01-25 17:16:00,-0.0176431879415453,20580.00m,-2.0714285714285716,
472,2024-01-26 20:13:00,0.06730535894843272,97020.00m,1.6466295609152741,
473,2024-01-27 09:00:00,-0.019747718046733163,46020.00m,-1.087092568448495,
474,2024-01-28 05:19:00,0.03366852868408845,73140.00m,1.1431501230516816,
475,2024-01-28 20:15:00,-0.02613230237738504,53760.00m,-1.2477678571428572,
476,2024-01-29 03:30:00,0.019311496893023486,26100.00m,1.8496551724137897,
477,2024-01-29 14:55:00,-0.015557266611567627,41100.00m,-0.964525547445262,
478,2024-01-30 12:23:00,0.04845939313340446,77280.00m,1.5729813664596273,
479,2024-01-30 14:10:00,-0.016840731666141896,6420.00m,-6.899065420560721,
480,2024-01-30 20:32:00,0.014140523482457803,22920.00m,1.595287958115187,
481,2024-01-31 10:59:00,-0.030419582019613135,52020.00m,-1.5334486735870818,
482,2024-01-31 17:59:00,0.031364525591196846,25200.00m,3.1645238095238057,
483,2024-02-01 01:38:00,-0.04175723601418602,27540.00m,-3.9760348583877994,
484,2024-02-02 00:24:00,0.03619388729703923,81960.00m,1.1096632503660344,
485,2024-02-02 13:50:00,-0.01973001995584836,48360.00m,-1.062282878411916,
486,2024-02-02 16:05:00,0.021918400737195497,8100.00m,6.906666666666678,
487,2024-02-02 18:06:00,-0.01632085020242915,7260.00m,-5.863636363636363,
488,2024-02-03 00:28:00,0.014066062554808535,22920.00m,1.574607329842932,
489,2024-02-05 01:13:00,-0.025989299880084863,175500.00m,-0.3852991452991453,
490,2024-02-05 13:37:00,0.031131472405710667,44640.00m,1.7673387096774211,
491,2024-02-05 20:25:00,-0.028375340685481067,24480.00m,-3.028921568627458,
492,2024-02-09 14:12:00,0.12708874400051048,323220.00m,0.9983107480972715,
493,2024-02-09 14:20:00,-0.021591814484002242,480.00m,-128.72500000000036,
494,2024-02-09 18:24:00,0.031385944685647794,14640.00m,6.002459016393466,
495,2024-02-10 10:53:00,-0.02657036950848562,59340.00m,-1.2930232558139565,
496,2024-02-12 00:31:00,0.04138313767342589,135480.00m,0.8586359610274593,
497,2024-02-12 10:07:00,-0.021271275374676213,34560.00m,-1.801736111111116,
498,2024-02-12 17:31:00,0.053381081024481164,26640.00m,5.740990990990991,
499,2024-02-12 19:59:00,-0.014992047713717664,8880.00m,-5.095270270270261,
500,2024-02-13 01:36:00,0.016600768176579697,20220.00m,2.440652818991098,
501,2024-02-13 17:12:00,-0.038992701773334075,56160.00m,-2.0982905982905984,
502,2024-02-14 14:36:00,0.07448289824891943,77040.00m,2.807866043613704,
503,2024-02-14 19:19:00,-0.014606890637707912,16980.00m,-2.6844522968197775,
504,2024-02-15 00:39:00,0.02355121951219512,19200.00m,3.771875,
505,2024-02-15 08:04:00,-0.01491126065158124,26700.00m,-1.7577528089887575,
506,2024-02-15 14:51:00,0.022146191180227,24420.00m,2.8117936117935973,
507,2024-02-15 21:59:00,-0.02783268205501027,25680.00m,-3.434813084112146,
508,2024-02-16 14:00:00,0.022941005781990337,57660.00m,1.2258064516129032,
509,2024-02-17 14:48:00,-0.03489246503233561,89280.00m,-1.231720430107524,
510,2024-02-17 21:34:00,0.026995145410825278,24360.00m,3.3706896551724137,
511,2024-02-18 02:48:00,-0.015876979340335245,18840.00m,-2.6324840764331396,
512,2024-02-19 07:28:00,0.025054551274294432,103200.00m,0.746337209302328,
513,2024-02-20 01:24:00,-0.022646653934984672,64560.00m,-1.105390334572492,
514,2024-02-20 13:40:00,0.0330953331839745,44160.00m,2.3081521739130473,
515,2024-02-20 17:24:00,-0.041096148732870375,13440.00m,-9.72901785714287,
516,2024-02-20 23:16:00,0.032884955752212335,21120.00m,4.750568181818173,
517,2024-02-21 19:02:00,-0.03486906489065565,71160.00m,-1.5441821247892025,
518,2024-02-21 23:50:00,0.02504004671459112,17280.00m,4.4072916666666515,
519,2024-02-22 01:54:00,-0.014801742105962048,7440.00m,-6.202419354838698,
520,2024-02-22 09:54:00,0.017086987947100018,28800.00m,1.8222916666666606,
521,2024-02-22 13:49:00,-0.020658514146549428,14100.00m,-4.5770212765957385,
522,2024-02-22 20:31:00,0.020837378236167412,24120.00m,2.6430348258706466,
523,2024-02-23 23:17:00,-0.02808121016049145,96360.00m,-0.9101494396014926,
524,2024-02-25 20:26:00,0.02811968160281787,162540.00m,0.5251384274640083,
525,2024-02-26 09:57:00,-0.020412008420890675,48660.00m,-1.309124537607888,
526,2024-02-27 02:08:00,0.11723040206626652,58260.00m,6.151493305870235,
527,2024-02-27 03:58:00,-0.022949535264884108,6600.00m,-11.876363636363651,
528,2024-02-27 12:44:00,0.032922498808849544,31560.00m,3.481178707224332,
529,2024-02-27 16:09:00,-0.019227287918453715,12300.00m,-5.3882926829268225,
530,2024-02-27 19:54:00,0.021748158665365187,13500.00m,5.446222222222229,
531,2024-02-27 21:53:00,-0.01636952322721401,7140.00m,-7.91932773109245,
532,2024-02-28 08:57:00,0.05158402203856747,39840.00m,4.399246987951805,
533,2024-02-28 11:52:00,-0.014080817342327592,10500.00m,-4.791428571428572,
534,2024-02-28 13:25:00,0.03620981560399658,5580.00m,22.85913978494625,
535,2024-02-28 14:34:00,-0.01519975672499235,4140.00m,-13.401449275362276,
536,2024-02-28 17:15:00,0.07151178899649141,9660.00m,26.611180124223566,
537,2024-02-28 17:31:00,-0.06587928880525634,960.00m,-264.3249999999998,
538,2024-02-28 17:34:00,0.019200560308169516,180.00m,383.80000000000047,
539,2024-02-28 17:37:00,-0.016314235974763714,180.00m,-332.36666666666616,
540,2024-02-28 17:56:00,0.025734639803197817,1140.00m,81.43157894736827,
541,2024-02-28 18:23:00,-0.035460567388537145,1620.00m,-80.9925925925927,
542,2024-02-28 19:02:00,0.035007405639045336,2340.00m,53.39230769230777,
543,2024-02-28 21:09:00,-0.027064518224936603,7620.00m,-13.119685039370054,
544,2024-02-28 23:40:00,0.045459098664725486,9060.00m,18.032450331125787,
545,2024-02-29 01:26:00,-0.023511394794373038,6360.00m,-13.88962264150939,
546,2024-02-29 06:46:00,0.04166421361801776,19200.00m,7.9615624999999905,
547,2024-02-29 10:16:00,-0.021830221944514658,12600.00m,-6.621428571428571,
548,2024-02-29 11:36:00,0.018014432089571427,4800.00m,14.030000000000019,
549,2024-02-29 13:29:00,-0.018037775115091106,6780.00m,-10.124778761061934,
550,2024-02-29 14:36:00,0.0211274502720607,4020.00m,19.64029850746271,
551,2024-02-29 17:52:00,-0.04609605690583939,11760.00m,-14.957653061224512,
552,2024-02-29 18:13:00,0.014824924466070331,1260.00m,42.8285714285715,
553,2024-02-29 18:50:00,-0.015360376822186984,2220.00m,-25.55945945945938,
554,2024-02-29 20:55:00,0.027879409717296393,7500.00m,13.520799999999989,
555,2024-02-29 21:36:00,-0.026795844774433204,2460.00m,-40.72439024390255,
556,2024-03-01 00:29:00,0.018869697999083196,10380.00m,6.61445086705204,
557,2024-03-01 02:19:00,-0.014988711126216869,6600.00m,-8.419090909090896,
558,2024-03-01 13:21:00,0.030206834000433804,39720.00m,2.7770392749244737,
559,2024-03-01 15:54:00,-0.023153553178051324,9180.00m,-9.488235294117676,
560,2024-03-01 20:58:00,0.031554147053493124,18240.00m,6.357236842105259,
561,2024-03-03 07:32:00,-0.02806122852751745,124440.00m,-0.8548216007714533,
562,2024-03-04 00:43:00,0.04898805995427211,61860.00m,2.917749757516971,
563,2024-03-04 00:49:00,-0.029842428005899292,360.00m,-320.38333333333384,
564,2024-03-04 17:36:00,0.08012615873534033,60420.00m,4.972492552135058,
565,2024-03-04 18:29:00,-0.019122962962963005,3180.00m,-24.354716981132132,
566,2024-03-04 20:58:00,0.023869794530065443,8940.00m,10.606711409396032,
567,2024-03-04 21:26:00,-0.01412901093973121,1680.00m,-34.20714285714296,
568,2024-03-05 01:53:00,0.02930191914627472,16020.00m,7.3344569288389625,
569,2024-03-05 05:03:00,-0.04293931830306981,11400.00m,-15.5463157894737,
570,2024-03-05 06:35:00,0.02585351849967254,5520.00m,18.501086956521643,
571,2024-03-05 08:09:00,-0.028229866268670734,5640.00m,-20.282978723404163,
572,2024-03-05 15:03:00,0.05168988203888968,24840.00m,8.194444444444445,
573,2024-03-05 16:12:00,-0.059437038839944854,4140.00m,-59.457971014492834,
574,2024-03-05 16:30:00,0.01776755691856498,1080.00m,64.08333333333333,
575,2024-03-05 17:10:00,-0.03190909751313646,2400.00m,-52.70999999999985,
576,2024-03-05 17:57:00,0.026534077052471013,2820.00m,36.11276595744687,
577,2024-03-05 19:56:00,-0.08561603676894998,7140.00m,-47.24285714285722,
578,2024-03-05 20:14:00,0.05105742294586151,1080.00m,170.31111111111144,
579,2024-03-05 20:40:00,-0.02349630315111607,1560.00m,-57.030769230769344,
580,2024-03-05 21:29:00,0.03870182555780933,2940.00m,48.673469387755105,
581,2024-03-05 22:24:00,-0.02315107014528982,3300.00m,-26.943636363636394,
582,2024-03-05 23:48:00,0.029418773319515548,5040.00m,21.898809523809526,
583,2024-03-06 03:14:00,-0.0235957220713526,12360.00m,-7.372815533980562,
584,2024-03-06 08:33:00,0.07698635455251333,19140.00m,15.16771159874608,
585,2024-03-06 09:58:00,-0.022567010354970576,5100.00m,-17.970588235294116,
586,2024-03-06 12:02:00,0.02206173537404876,7440.00m,11.770967741935413,
587,2024-03-06 12:46:00,-0.03534340736534181,2640.00m,-54.31590909090896,
588,2024-03-06 14:32:00,0.03123586720732184,6360.00m,19.221698113207548,
589,2024-03-06 15:07:00,-0.025664887686384023,2100.00m,-49.32571428571412,
590,2024-03-06 18:05:00,0.0295007979786575,10680.00m,10.862359550561798,
591,2024-03-07 01:09:00,-0.026293051704283654,25440.00m,-4.184198113207561,
592,2024-03-07 14:40:00,0.03458447488584471,48660.00m,2.8017262638717595,
593,2024-03-07 14:46:00,-0.018097104404447572,360.00m,-205.0166666666652,
594,2024-03-07 17:25:00,0.018814211719439408,9540.00m,7.897484276729541,
595,2024-03-08 00:35:00,-0.017257911285365114,25800.00m,-2.7290697674418603,
596,2024-03-08 15:30:00,0.04883403193149802,53700.00m,3.6461452513966517,
597,2024-03-08 16:15:00,-0.05237017675023827,2700.00m,-81.56666666666666,
598,2024-03-08 20:04:00,0.044833333584272675,13740.00m,13.00305676855894,
599,2024-03-09 02:00:00,-0.021137030440321218,21360.00m,-4.120224719101132,
600,2024-03-10 10:21:00,0.030455776704746244,116460.00m,1.0658423493044837,
601,2024-03-10 14:43:00,-0.01739650955472246,15720.00m,-4.64770992366411,
602,2024-03-10 16:31:00,0.015269173338993924,6480.00m,9.724074074074046,
603,2024-03-11 00:52:00,-0.03464734717375097,30060.00m,-4.829141716566884,
604,2024-03-11 19:18:00,0.08074333295257832,66360.00m,4.921247739602178,
605,2024-03-12 04:05:00,-0.02048926053631428,31620.00m,-2.832447817836807,
606,2024-03-12 14:06:00,0.022634497429235623,36060.00m,2.68752079866888,
607,2024-03-12 17:22:00,-0.054207382497913716,11760.00m,-20.182653061224503,
608,2024-03-12 19:09:00,0.0391860271372584,6420.00m,25.27663551401875,
609,2024-03-12 21:08:00,-0.014246257534078544,7140.00m,-8.586554621848764,
610,2024-03-13 08:45:00,0.042316869465349696,41820.00m,4.292539454806304,
611,2024-03-13 13:57:00,-0.026000689335117164,18720.00m,-6.141346153846126,
612,2024-03-14 07:05:00,0.028989343546290416,61680.00m,2.024124513618666,
613,2024-03-14 16:30:00,-0.050807688714562385,33900.00m,-6.64176991150441,
614,2024-03-14 17:00:00,0.01979422676706654,1800.00m,46.25666666666657,
615,2024-03-14 19:35:00,-0.03714857190813207,9300.00m,-17.134838709677382,
616,2024-03-15 00:34:00,0.05291546396544924,17940.00m,12.182608695652144,
617,2024-03-15 02:53:00,-0.058499710957537546,8340.00m,-30.504316546762524,
618,2024-03-15 03:02:00,0.017574581700629657,540.00m,133.25555555555425,
619,2024-03-15 03:28:00,-0.03410719197464274,1560.00m,-91.09230769230747,
620,2024-03-15 03:50:00,0.027750982160828414,1320.00m,84.60454545454559,
621,2024-03-15 04:44:00,-0.02748764013648079,3240.00m,-35.088888888888945,
622,2024-03-15 05:10:00,0.018314985530594633,1560.00m,47.22307692307704,
623,2024-03-15 05:48:00,-0.015641800140040883,2280.00m,-28.100000000000076,
624,2024-03-15 07:46:00,0.02496651686062081,7080.00m,14.217796610169467,
625,2024-03-15 09:13:00,-0.04371353031620736,5220.00m,-34.60689655172418,
626,2024-03-15 10:02:00,0.03429140558932005,2940.00m,46.093877551020526,
627,2024-03-15 11:11:00,-0.018787936615118045,4140.00m,-18.549275362318756,
628,2024-03-15 15:03:00,0.02739978098127569,13920.00m,7.894396551724138,
629,2024-03-15 16:09:00,-0.015254437197761718,3960.00m,-15.87272727272736,
630,2024-03-15 19:00:00,0.043551809544933685,10260.00m,17.22397660818715,
631,2024-03-15 20:49:00,-0.04148623832411358,6540.00m,-26.860550458715622,
632,2024-03-16 00:22:00,0.035971616527459574,12780.00m,11.423943661971844,
633,2024-03-16 18:13:00,-0.04732278037566554,64260.00m,-3.0964519140989757,
634,2024-03-16 19:09:00,0.014738923339624337,3360.00m,17.571428571428573,
635,2024-03-16 23:17:00,-0.040003837864966175,14880.00m,-10.927822580645154,
636,2024-03-17 00:25:00,0.019675287033776707,4080.00m,18.817647058823507,
637,2024-03-17 00:58:00,-0.01621641999230951,1980.00m,-32.58787878787883,
638,2024-03-17 03:53:00,0.02100855148903816,10500.00m,7.831999999999993,
639,2024-03-17 07:22:00,-0.029142465099450947,12540.00m,-9.288038277511946,
640,2024-03-17 11:14:00,0.043430055899612734,13920.00m,12.106034482758647,
641,2024-03-17 12:56:00,-0.014217946267011203,6120.00m,-9.405882352941262,
642,2024-03-17 22:39:00,0.03623041340254696,34980.00m,4.133790737564323,
643,2024-03-18 01:06:00,-0.029418805229171636,8820.00m,-13.794557823129272,
644,2024-03-18 05:35:00,0.031403164979843454,16140.00m,7.810037174721222,
645,2024-03-18 08:27:00,-0.022445791269213308,10320.00m,-9.004651162790715,
646,2024-03-18 13:00:00,0.018135590707603857,16380.00m,4.480952380952392,
647,2024-03-18 14:55:00,-0.028372233215825545,6900.00m,-16.943478260869565,
648,2024-03-18 16:19:00,0.020253927148804547,5040.00m,16.089285714285715,
649,2024-03-18 17:08:00,-0.021521960419686997,2940.00m,-29.902040816326473,
650,2024-03-19 00:19:00,0.02330887905113177,25860.00m,3.6025522041763276,
651,2024-03-19 03:40:00,-0.04586103499064067,12060.00m,-15.553233830845793,
652,2024-03-19 03:55:00,0.015750162206375734,900.00m,68.29333333333344,
653,2024-03-19 07:16:00,-0.03454173919624612,12060.00m,-11.35323383084577,
654,2024-03-19 07:57:00,0.015320696737375118,2460.00m,23.834146341463345,
655,2024-03-19 09:11:00,-0.025909432027695935,4440.00m,-22.674324324324246,
656,2024-03-19 09:58:00,0.01830148869017141,2820.00m,24.56382978723404,
657,2024-03-19 11:27:00,-0.026150119557636787,5340.00m,-18.87415730337082,
658,2024-03-19 13:29:00,0.020568441581277828,7320.00m,10.546721311475386,
659,2024-03-19 14:32:00,-0.0212973245598234,3780.00m,-21.582539682539636,
660,2024-03-19 17:28:00,0.05218936047628193,10560.00m,18.52840909090909,
661,2024-03-19 18:13:00,-0.022365198874439142,2700.00m,-32.67555555555558,
662,2024-03-19 19:24:00,0.015236189723467792,4260.00m,13.792957746478914,
663,2024-03-19 23:25:00,-0.055668703326544444,14460.00m,-15.073029045643148,
664,2024-03-20 00:58:00,0.029174976834308843,5580.00m,19.331182795698876,
665,2024-03-20 01:26:00,-0.02207694527358475,1680.00m,-50.00357142857138,
666,2024-03-20 03:25:00,0.02294458149921798,7140.00m,11.957983193277311,
667,2024-03-20 05:32:00,-0.039910469405125944,7620.00m,-19.937007874015748,
668,2024-03-20 12:25:00,0.056460351338039734,24780.00m,8.326876513317192,
669,2024-03-20 13:32:00,-0.01900573435484623,4020.00m,-18.253731343283583,
670,2024-03-20 15:01:00,0.01940404904476763,5340.00m,13.762921348314622,
671,2024-03-20 16:32:00,-0.03377885934773258,5460.00m,-23.886813186813235,
672,2024-03-21 00:43:00,0.09787349703749929,29460.00m,12.39409368635438,
673,2024-03-21 05:21:00,-0.030655101541544525,16680.00m,-7.527338129496372,
674,2024-03-21 08:21:00,0.02282148583725869,10800.00m,8.389444444444395,
675,2024-03-21 10:40:00,-0.014175490025147595,8340.00m,-6.902158273381253,
676,2024-03-21 13:28:00,0.01455318281555377,10080.00m,5.779761904761905,
677,2024-03-21 20:04:00,-0.04359316785784986,23760.00m,-7.45176767676768,
678,2024-03-22 06:09:00,0.029499126518166965,36300.00m,3.156694214876026,
679,2024-03-22 14:58:00,-0.0587675748341727,31740.00m,-7.404347826086945,
680,2024-03-22 15:32:00,0.025985991602612897,2040.00m,47.947058823529325,
681,2024-03-22 16:51:00,-0.022824871045926273,4740.00m,-18.59620253164555,
682,2024-03-22 19:53:00,0.020082709408870966,10920.00m,6.940109890109881,
683,2024-03-22 21:37:00,-0.02692103868574452,6240.00m,-16.60769230769228,
684,2024-03-23 01:48:00,0.030528200823952186,15060.00m,7.593227091633443,
685,2024-03-23 03:36:00,-0.020218631045732773,6480.00m,-12.044444444444403,
686,2024-03-23 17:34:00,0.04693991836397991,50280.00m,3.5309069212410518,
687,2024-03-24 04:39:00,-0.032434373617315305,39900.00m,-3.218796992481203,
688,2024-03-24 14:23:00,0.03300952324275738,35040.00m,3.6092465753424703,
689,2024-03-24 17:08:00,-0.019073073780246624,9900.00m,-7.6248484848485205,
690,2024-03-24 23:19:00,0.045247589020771466,22260.00m,7.891374663072769,
691,2024-03-25 02:16:00,-0.017447439588240427,10620.00m,-6.666666666666667,
692,2024-03-25 05:33:00,0.019778275047891973,11820.00m,6.671573604060928,
693,2024-03-25 09:33:00,-0.01428002243012716,14400.00m,-4.032083333333321,
694,2024-03-25 20:00:00,0.06507650643803808,37620.00m,6.9330143540669855,
695,2024-03-25 21:28:00,-0.02107377437441409,5280.00m,-17.037500000000033,
696,2024-03-26 07:29:00,0.027217643511472385,36060.00m,3.1540765391015073,
697,2024-03-26 14:32:00,-0.029515694365236527,25380.00m,-4.991962174940912,
698,2024-03-26 16:02:00,0.01652887800662546,5400.00m,12.751111111111175,
699,2024-03-26 20:01:00,-0.01597532361542472,14340.00m,-4.7175732217573225,
700,2024-03-27 01:16:00,0.018853824544529007,18900.00m,4.156825396825378,
701,2024-03-27 09:05:00,-0.017423808817190543,28140.00m,-2.628784648187621,
702,2024-03-27 13:29:00,0.03166270175731294,15840.00m,8.338636363636342,
703,2024-03-27 14:12:00,-0.0412140307829578,2580.00m,-68.74883720930225,
704,2024-03-27 14:39:00,0.022025016067632328,1620.00m,56.099999999999895,
705,2024-03-27 18:20:00,-0.025381830081167792,13260.00m,-8.072398190045249,
706,2024-03-28 14:58:00,0.045310755081931234,74280.00m,2.507189014539575,
707,2024-03-29 09:43:00,-0.02736906198328625,67500.00m,-1.742044444444434,
708,2024-03-29 13:38:00,0.014407020586790944,14100.00m,4.2697872340425285,
709,2024-03-29 15:40:00,-0.020233545647558387,7320.00m,-11.717213114754099,
710,2024-03-31 23:57:00,0.03239791680210351,202620.00m,0.6640805448623055,
711,2024-04-01 06:02:00,-0.0344653394549075,21900.00m,-6.747945205479452,
712,2024-04-01 13:37:00,0.01610867230627202,27300.00m,2.442857142857143,
713,2024-04-01 15:59:00,-0.026109802086958588,8520.00m,-12.89154929577469,
714,2024-04-01 21:31:00,0.02406233066299556,19920.00m,4.948795180722891,
715,2024-04-02 13:34:00,-0.0748140838624793,57780.00m,-5.432294911734168,
716,2024-04-02 14:43:00,0.02395015202642661,4140.00m,22.455072463768243,
717,2024-04-02 15:57:00,-0.0222834119087409,4440.00m,-19.947297297297375,
718,2024-04-02 19:53:00,0.022193743630917365,14160.00m,6.09067796610167,
719,2024-04-03 00:37:00,-0.024207215943591893,17040.00m,-5.642957746478842,
720,2024-04-03 08:41:00,0.03188505405505818,29040.00m,4.255785123966948,
721,2024-04-03 11:09:00,-0.015734931878801102,8880.00m,-7.087162162162221,
722,2024-04-03 14:28:00,0.019414220329605894,11940.00m,6.401005025125643,
723,2024-04-04 04:25:00,-0.02638239977274594,50220.00m,-2.1082437275985644,
724,2024-04-04 18:01:00,0.0633145426429917,48960.00m,5.0528186274509785,
725,2024-04-04 20:18:00,-0.026992952457974784,8220.00m,-13.6430656934307,
726,2024-04-05 00:55:00,0.019630455852253672,16620.00m,4.774729241877277,
727,2024-04-05 05:21:00,-0.0333680264929583,15960.00m,-8.617669172932342,
728,2024-04-05 08:24:00,0.01871690771204678,10980.00m,6.791803278688572,
729,2024-04-05 12:33:00,-0.02315364363522409,14940.00m,-6.290361445783144,
730,2024-04-05 14:48:00,0.03743088112006634,8100.00m,18.322222222222223,
731,2024-04-05 20:01:00,-0.01765581946253621,18780.00m,-3.8670926517572166,
732,2024-04-07 16:41:00,0.0443448575912951,160800.00m,1.1143283582089585,
733,2024-04-07 22:03:00,-0.019656966386232017,19320.00m,-4.293478260869565,
734,2024-04-08 12:14:00,0.055738461002946986,51060.00m,4.515981198589884,
735,2024-04-09 08:08:00,-0.0420294016229827,71640.00m,-2.5623115577889397,
736,2024-04-09 12:49:00,0.01801168752016635,16860.00m,4.469750889679715,
737,2024-04-09 17:11:00,-0.03828930037963904,15720.00m,-10.374427480916054,
738,2024-04-10 02:03:00,0.020105345801401574,31920.00m,2.580075187969936,
739,2024-04-10 02:54:00,-0.015852275174820154,3060.00m,-21.647058823529413,
740,2024-04-10 07:17:00,0.014721545397510907,15780.00m,3.8365019011406845,
741,2024-04-10 13:49:00,-0.0276557197906481,23520.00m,-4.90663265306121,
742,2024-04-11 08:49:00,0.05457185698695436,68400.00m,3.2371929824561354,
743,2024-04-11 11:58:00,-0.018409871695996553,11340.00m,-6.946560846560816,
744,2024-04-11 12:42:00,0.015282398670896848,2640.00m,24.3136363636361,
745,2024-04-11 14:59:00,-0.020278056447062723,8220.00m,-10.51970802919706,
746,2024-04-12 04:50:00,0.02377543238829999,49860.00m,1.9921780986762936,
747,2024-04-12 18:35:00,-0.08011648818424881,49500.00m,-6.922666666666664,
748,2024-04-12 20:43:00,0.02823027068242466,7680.00m,14.462499999999977,
749,2024-04-13 01:58:00,-0.023349973749076682,18900.00m,-4.998095238095219,
750,2024-04-13 04:48:00,0.031830564995945304,10200.00m,12.329999999999947,
751,2024-04-13 20:08:00,-0.09894934206943842,55200.00m,-7.3080434782608625,
752,2024-04-13 20:14:00,0.021863796356033915,360.00m,223.09999999999977,
753,2024-04-13 20:23:00,-0.016295548014724336,540.00m,-113.27777777777777,
754,2024-04-13 20:41:00,0.018503954919764247,1080.00m,63.26666666666683,
755,2024-04-13 20:54:00,-0.019118604265312134,780.00m,-92.1846153846155,
756,2024-04-13 23:06:00,0.06427688504326329,7920.00m,29.939393939393938,
757,2024-04-14 00:25:00,-0.03811510483525886,4740.00m,-31.570886075949346,
758,2024-04-14 00:45:00,0.019892948894138857,1200.00m,62.604999999999926,
759,2024-04-14 03:14:00,-0.03126148861264297,8940.00m,-13.468456375838946,
760,2024-04-14 06:37:00,0.04302171507963056,12180.00m,13.179310344827593,
761,2024-04-14 11:44:00,-0.015335493797658391,18420.00m,-3.240065146579795,
762,2024-04-14 13:08:00,0.014829045576886019,5040.00m,11.274999999999983,
763,2024-04-14 14:38:00,-0.020660340970454348,5400.00m,-14.878888888888874,
764,2024-04-14 16:31:00,0.018802411623939162,6780.00m,10.561946902654867,
765,2024-04-14 17:25:00,-0.03056778012475766,3240.00m,-36.607407407407464,
766,2024-04-14 18:35:00,0.03100525420863073,4200.00m,27.76857142857147,
767,2024-04-14 21:23:00,-0.01998873699649114,10080.00m,-7.690476190476191,
768,2024-04-15 00:13:00,0.03900423715434994,10200.00m,14.533529411764732,
769,2024-04-15 04:15:00,-0.016851755904040346,14520.00m,-4.583057851239693,
770,2024-04-15 09:42:00,0.031368033876302,19620.00m,6.207033639143722,
771,2024-04-15 15:01:00,-0.042950025248854745,19140.00m,-8.985266457680236,
772,2024-04-15 16:03:00,0.014286966841711367,3720.00m,14.71774193548387,
773,2024-04-15 19:06:00,-0.03826686157707631,10980.00m,-13.546448087431694,
774,2024-04-16 01:34:00,0.024029379049771336,23280.00m,3.858505154639171,
775,2024-04-16 04:45:00,-0.03310031347962387,11460.00m,-11.056544502617816,
776,2024-04-16 07:33:00,0.03335321828161626,10080.00m,12.24702380952381,
777,2024-04-16 10:30:00,-0.033845420161673655,10620.00m,-12.189265536723164,
778,2024-04-16 12:36:00,0.028520073650472006,7560.00m,13.94047619047619,
779,2024-04-16 13:47:00,-0.018702432879151645,4260.00m,-16.685915492957704,
780,2024-04-16 14:16:00,0.01478764478764474,1740.00m,31.69655172413783,
781,2024-04-16 16:20:00,-0.021951768570305223,7440.00m,-11.166935483870944,
782,2024-04-16 17:26:00,0.02499736605370004,3960.00m,23.36666666666662,
783,2024-04-16 17:57:00,-0.014660790332196314,1860.00m,-29.90645161290318,
784,2024-04-17 05:16:00,0.03354860246254191,40740.00m,3.0786450662739346,
785,2024-04-17 14:34:00,-0.054554347826087,33480.00m,-6.29623655913979,
786,2024-04-17 14:46:00,0.016653883360405474,720.00m,84.5,
787,2024-04-17 16:05:00,-0.03361189776529181,4740.00m,-26.336708860759472,
788,2024-04-17 16:16:00,0.019182515575868312,660.00m,104.31818181818181,
789,2024-04-17 16:46:00,-0.016297180797669557,1800.00m,-33.119999999999955,
790,2024-04-17 18:24:00,0.03181378597392203,5880.00m,19.46938775510204,
791,2024-04-17 19:40:00,-0.018220160951488318,4560.00m,-14.835526315789474,
792,2024-04-17 23:07:00,0.015926392283699124,12420.00m,4.6743961352656935,
